TransactionId,GameId,Quantity
TR0022,4,4
TR0022,22,3
TR0022,34,3
TR0022,44,4
TR0022,76,4
TR0033,1,5
TR0033,3,1
TR0033,8,1
TR0033,56,2
TR0033,94,5
TR0062,1,4
TR0062,8,3
TR0062,40,2
TR0062,56,2
TR0062,57,2
TR0063,34,2
TR0063,42,3
TR0063,84,5
TR0063,90,4
TR0063,97,2
TR0114,22,2
TR0114,29,5
TR0114,92,2
TR0114,98,2
TR0126,14,4
TR0126,60,3
TR0126,95,1
TR0126,96,5
TR0135,6,4
TR0135,36,3
TR0135,59,3
TR0135,75,2
TR0135,86,4
TR0135,87,5
TR0154,45,2
TR0154,64,4
TR0154,71,3
TR0154,78,5
TR0154,80,5
TR0154,90,4
TR0156,15,5
TR0156,27,2
TR0156,45,3
TR0156,58,2
TR0156,88,1
TR0157,30,5
TR0157,40,3
TR0157,47,4
TR0157,60,1
TR0157,82,5
TR0163,54,1
TR0163,61,1
TR0163,65,2
TR0163,66,5
TR0163,91,3
TR0170,13,2
TR0170,63,1
TR0170,66,2
TR0170,95,4
TR0174,6,3
TR0174,16,4
TR0174,60,3
TR0174,63,3
TR0174,67,2
TR0174,81,4
TR0189,33,1
TR0189,47,4
TR0189,72,1
TR0189,83,5
TR0189,86,5
TR0202,14,1
TR0202,20,2
TR0202,22,5
TR0202,60,1
TR0202,69,4
TR0210,14,4
TR0210,29,4
TR0210,36,4
TR0210,59,3
TR0210,60,3
TR0232,14,3
TR0232,19,2
TR0232,23,2
TR0232,35,5
TR0232,82,4
TR0232,99,5
TR0236,5,3
TR0236,45,2
TR0236,56,4
TR0236,67,5
TR0236,77,4
TR0238,3,1
TR0238,33,1
TR0238,43,4
TR0238,47,1
TR0238,56,5
TR0238,86,3
TR0241,6,4
TR0241,18,3
TR0241,32,1
TR0241,78,2
TR0241,81,5
TR0241,91,3
TR0243,3,2
TR0243,5,1
TR0243,31,5
TR0243,92,3
TR0243,94,5
TR0244,24,2
TR0244,36,2
TR0244,59,3
TR0244,62,3
TR0244,76,2
TR0251,7,2
TR0251,15,5
TR0251,33,2
TR0251,40,2
TR0251,82,1
TR0251,89,3
TR0274,22,1
TR0274,37,5
TR0274,70,5
TR0274,79,5
TR0274,95,2
TR0298,2,3
TR0298,25,1
TR0298,44,4
TR0298,84,2
TR0298,97,2
TR0299,5,1
TR0299,39,4
TR0299,81,4
TR0299,99,2
TR0326,14,1
TR0326,34,5
TR0326,40,5
TR0326,52,2
TR0326,54,2
TR0326,74,5
TR0331,14,4
TR0331,34,1
TR0331,47,4
TR0331,50,3
TR0331,85,5
TR0331,90,3
TR0335,12,4
TR0335,15,2
TR0335,16,2
TR0335,53,1
TR0335,67,4
TR0337,5,5
TR0337,17,4
TR0337,38,1
TR0337,50,3
TR0337,74,5
TR0351,8,3
TR0351,28,4
TR0351,39,2
TR0351,92,1
TR0358,18,1
TR0358,68,5
TR0358,73,2
TR0358,74,3
TR0358,78,2
TR0360,12,1
TR0360,58,2
TR0360,62,4
TR0360,69,2
TR0360,81,2
TR0360,82,2
TR0373,6,5
TR0373,16,5
TR0373,27,3
TR0373,35,1
TR0373,47,2
TR0373,50,3
TR0397,3,5
TR0397,59,3
TR0397,64,4
TR0397,79,1
TR0397,,2
TR0405,7,1
TR0405,25,2
TR0405,28,3
TR0405,73,2
TR0405,84,3
TR0405,92,3
TR0417,9,4
TR0417,16,5
TR0417,54,3
TR0417,89,1
TR0417,94,2
TR0430,31,2
TR0430,34,3
TR0430,38,5
TR0430,81,3
TR0430,83,1
TR0430,84,4
TR0446,49,2
TR0446,71,2
TR0446,87,4
TR0446,93,4
TR0446,94,4
TR0447,17,
TR0447,42,1
TR0447,54,1
TR0447,55,4
TR0447,,2
TR0455,10,5
TR0455,14,4
TR0455,17,1
TR0455,52,2
TR0455,66,4
TR0455,70,2
TR0462,1,2
TR0462,37,5
TR0462,84,3
TR0462,96,2
TR0483,23,2
TR0483,34,3
TR0483,52,3
TR0483,58,2
TR0483,63,3
TR0493,29,4
TR0493,50,5
TR0493,51,5
TR0493,52,5
TR0493,68,4
TR0505,4,3
TR0505,43,4
TR0505,74,5
TR0505,82,3
TR0505,,1
TR0523,8,3
TR0523,45,4
TR0523,49,4
TR0523,64,2
TR0523,99,3
TR0568,30,1
TR0568,70,5
TR0568,83,5
TR0568,86,2
TR0568,89,1
TR0572,26,1
TR0572,35,2
TR0572,72,4
TR0572,76,5
TR0572,91,5
TR0584,12,3
TR0584,37,2
TR0584,44,3
TR0584,46,4
TR0584,79,5
TR0584,87,5
TR0597,2,3
TR0597,40,3
TR0597,58,1
TR0597,64,2
TR0597,93,1
TR0600,4,5
TR0600,9,3
TR0600,14,5
TR0600,86,5
TR0600,89,3
TR0601,17,5
TR0601,30,5
TR0601,35,5
TR0601,53,3
TR0601,73,1
TR0610,32,3
TR0610,41,3
TR0610,44,2
TR0610,47,3
TR0610,85,1
TR0610,94,4
TR0661,17,1
TR0661,29,4
TR0661,68,4
TR0661,89,5
TR0672,4,3
TR0672,5,5
TR0672,56,1
TR0672,79,
TR0672,83,5
TR0675,13,1
TR0675,25,1
TR0675,27,2
TR0675,67,3
TR0675,75,3
TR0680,2,2
TR0680,5,1
TR0680,39,1
TR0680,47,3
TR0680,96,3
TR0688,9,1
TR0688,10,4
TR0688,74,2
TR0688,77,5
TR0688,94,4
TR0714,5,4
TR0714,27,3
TR0714,58,2
TR0714,62,2
TR0714,90,1
TR0716,11,3
TR0716,24,1
TR0716,55,5
TR0716,60,3
TR0716,80,1
TR0741,22,2
TR0741,53,2
TR0741,69,4
TR0741,71,2
TR0741,89,1
TR0741,94,5
TR0766,9,1
TR0766,38,2
TR0766,46,2
TR0766,56,4
TR0766,76,3
TR0766,78,2
TR0770,25,1
TR0770,39,1
TR0770,54,1
TR0770,60,2
TR0774,22,5
TR0774,27,2
TR0774,48,4
TR0774,78,5
TR0774,100,1
TR0791,2,5
TR0791,10,2
TR0791,42,1
TR0791,52,3
TR0791,58,
TR0791,68,4
TR0793,2,2
TR0793,28,3
TR0793,41,3
TR0793,43,4
TR0800,21,5
TR0800,81,
TR0800,82,4
TR0800,83,1
TR0800,93,4
TR0802,46,1
TR0802,72,1
TR0802,91,4
TR0805,33,5
TR0805,50,3
TR0805,66,2
TR0805,80,2
TR0805,93,3
TR0811,2,2
TR0811,5,2
TR0811,57,5
TR0811,68,5
TR0814,9,1
TR0814,11,1
TR0814,37,1
TR0814,59,1
TR0814,60,4
TR0830,15,3
TR0830,34,3
TR0830,42,1
TR0830,64,3
TR0830,81,4
TR0834,4,3
TR0834,37,5
TR0834,59,4
TR0834,64,5
TR0834,79,3
TR0834,86,2
TR0852,4,5
TR0852,7,4
TR0852,15,2
TR0852,68,5
TR0852,84,3
TR0852,98,2
TR0859,35,1
TR0859,40,2
TR0859,44,1
TR0859,71,4
TR0859,76,5
TR0877,2,2
TR0877,43,3
TR0877,56,5
TR0877,58,1
TR0877,67,3
TR0880,18,5
TR0880,27,5
TR0880,48,2
TR0880,54,3
TR0880,69,3
TR0880,92,5
TR0884,10,5
TR0884,23,4
TR0884,36,2
TR0884,63,2
TR0884,80,2
TR0911,17,1
TR0911,18,3
TR0911,26,3
TR0911,49,4
TR0911,69,4
TR0911,92,5
TR0921,31,1
TR0921,42,1
TR0921,62,2
TR0921,82,3
TR0921,98,2
TR0925,5,3
TR0925,27,1
TR0925,50,1
TR0925,60,1
TR0925,72,5
TR0948,8,4
TR0948,15,2
TR0948,21,1
TR0948,71,3
TR0948,89,4
TR0954,6,3
TR0954,22,4
TR0954,55,2
TR0954,64,1
TR0954,81,3
TR0954,96,5
TR0965,7,5
TR0965,41,4
TR0965,51,3
TR0965,66,5
TR0965,67,1
TR0970,11,2
TR0970,28,1
TR0970,31,4
TR0970,44,3
TR0970,62,1
TR0970,85,2
TR0972,40,3
TR0972,47,2
TR0972,49,2
TR0972,59,3
TR0972,81,3
TR0972,92,5
TR0981,24,2
TR0981,30,2
TR0981,32,4
TR0981,36,
TR0981,49,5
TR0981,76,1
TR0985,57,2
TR0985,69,4
TR0985,71,5
TR0985,91,1
TR1032,19,5
TR1032,38,3
TR1032,65,5
TR1032,74,2
TR1032,98,1
TR1037,27,5
TR1037,28,3
TR1037,34,5
TR1037,49,3
TR1037,53,5
TR1037,58,1
TR1038,21,5
TR1038,29,5
TR1038,41,4
TR1038,68,2
TR1038,73,4
TR1038,95,5
TR1060,12,1
TR1060,29,1
TR1060,61,5
TR1060,75,2
TR1060,91,5
TR1062,19,5
TR1062,36,3
TR1062,39,5
TR1062,56,1
TR1062,57,2
TR1078,21,3
TR1078,29,4
TR1078,54,3
TR1078,55,3
TR1078,59,5
TR1084,33,4
TR1084,39,2
TR1084,72,5
TR1084,75,4
TR1084,78,5
TR1101,25,1
TR1101,52,5
TR1101,53,3
TR1101,61,3
TR1101,90,4
TR1103,12,5
TR1103,25,3
TR1103,59,2
TR1103,92,4
TR1103,94,2
TR1110,14,2
TR1110,31,5
TR1110,46,2
TR1110,66,5
TR1110,78,2
TR1110,94,1
TR1114,9,4
TR1114,11,2
TR1114,53,4
TR1114,60,3
TR1114,77,4
TR1115,12,4
TR1115,18,4
TR1115,19,2
TR1115,61,4
TR1115,62,1
TR1115,79,1
TR1116,21,5
TR1116,38,4
TR1116,56,3
TR1116,60,2
TR1116,65,4
TR1123,3,3
TR1123,15,5
TR1123,28,2
TR1123,51,1
TR1123,54,1
TR1166,8,2
TR1166,16,1
TR1166,48,5
TR1166,82,5
TR1166,97,4
TR1167,18,1
TR1167,71,1
TR1167,91,2
TR1167,93,2
TR1169,15,4
TR1169,38,2
TR1169,63,3
TR1169,70,5
TR1169,94,5
TR1174,17,2
TR1174,20,4
TR1174,33,1
TR1174,73,4
TR1174,93,3
TR1177,56,3
TR1177,69,1
TR1177,79,2
TR1177,81,
TR1186,21,5
TR1186,29,4
TR1186,34,4
TR1186,48,2
TR1186,98,4
TR1198,9,3
TR1198,33,5
TR1198,52,2
TR1198,64,3
TR1198,89,5
TR1204,2,2
TR1204,29,3
TR1204,30,3
TR1204,38,5
TR1204,51,1
TR1212,27,4
TR1212,71,4
TR1212,74,2
TR1212,93,1
TR1212,,4
TR1216,53,3
TR1216,69,5
TR1216,71,2
TR1216,77,2
TR1216,88,3
TR1216,96,2
TR1219,17,2
TR1219,33,4
TR1219,80,5
TR1219,89,2
TR1219,94,4
TR1219,95,2
TR1222,9,2
TR1222,17,5
TR1222,36,4
TR1222,53,2
TR1222,63,1
TR1222,81,2
TR1230,6,3
TR1230,27,4
TR1230,28,4
TR1230,77,3
TR1230,88,5
TR1251,3,3
TR1251,38,1
TR1251,70,3
TR1251,89,2
TR1251,90,1
TR1258,1,4
TR1258,48,1
TR1258,61,2
TR1258,63,1
TR1258,97,5
TR1269,26,3
TR1269,57,4
TR1269,77,1
TR1269,95,1
TR1269,97,3
TR1276,6,1
TR1276,19,5
TR1276,26,4
TR1276,28,2
TR1276,50,1
TR1310,14,3
TR1310,39,1
TR1310,55,1
TR1310,56,2
TR1310,58,4
TR1339,57,1
TR1339,60,3
TR1339,67,4
TR1339,75,2
TR1339,81,4
TR1339,85,1
TR1350,7,5
TR1350,18,4
TR1350,21,2
TR1350,94,2
TR1350,100,5
TR1358,1,2
TR1358,25,2
TR1358,78,4
TR1358,79,1
TR1358,82,3
TR1372,1,4
TR1372,39,4
TR1372,42,4
TR1372,52,5
TR1372,83,3
TR1372,87,5
TR1373,7,3
TR1373,18,3
TR1373,20,3
TR1373,39,1
TR1373,93,2
TR1379,25,1
TR1379,38,1
TR1379,54,5
TR1379,62,5
TR1379,84,4
TR1393,7,3
TR1393,15,2
TR1393,74,5
TR1393,87,5
TR1393,92,5
TR1402,6,5
TR1402,22,5
TR1402,23,5
TR1402,50,2
TR1402,53,1
TR1402,61,4
TR1420,5,1
TR1420,30,2
TR1420,34,5
TR1420,84,3
TR1420,96,1
TR1438,7,1
TR1438,8,2
TR1438,78,1
TR1438,85,3
TR1438,95,1
TR1438,100,1
TR1441,5,1
TR1441,42,5
TR1441,72,3
TR1441,74,2
TR1441,85,4
TR1441,92,3
TR1442,4,4
TR1442,40,1
TR1442,49,4
TR1442,53,2
TR1444,49,4
TR1444,61,3
TR1444,68,2
TR1444,81,
TR1444,90,1
TR1466,11,5
TR1466,14,1
TR1466,43,4
TR1466,78,2
TR1466,85,3
TR1466,,1
TR1468,5,3
TR1468,38,2
TR1468,53,3
TR1468,54,5
TR1468,55,1
TR1468,58,1
TR1469,2,5
TR1469,15,3
TR1469,78,5
TR1469,80,5
TR1473,12,5
TR1473,31,3
TR1473,35,2
TR1473,54,2
TR1473,61,5
TR1473,95,3
TR1479,21,4
TR1479,24,3
TR1479,39,4
TR1479,41,5
TR1479,52,2
TR1479,71,3
TR1492,7,3
TR1492,59,4
TR1492,80,3
TR1492,89,4
TR1492,,2
TR1503,7,1
TR1503,16,3
TR1503,24,5
TR1503,32,2
TR1503,70,3
TR1503,74,5
TR1508,29,1
TR1508,41,5
TR1508,73,5
TR1508,77,5
TR1508,,4
TR1524,2,2
TR1524,29,2
TR1524,35,5
TR1524,60,3
TR1524,81,2
TR1524,96,4
TR1550,17,4
TR1550,34,1
TR1550,81,1
TR1550,90,3
TR1555,16,2
TR1555,45,4
TR1555,71,5
TR1555,85,3
TR1555,99,3
TR1556,20,1
TR1556,44,5
TR1556,47,1
TR1556,50,1
TR1556,71,1
TR1561,32,1
TR1561,86,4
TR1561,94,1
TR1561,95,4
TR1561,99,5
TR1567,9,4
TR1567,26,5
TR1567,43,2
TR1567,56,4
TR1567,60,4
TR1567,94,4
TR1583,1,3
TR1583,4,5
TR1583,22,2
TR1583,79,1
TR1583,95,4
TR1598,16,4
TR1598,40,1
TR1598,41,3
TR1598,44,3
TR1598,58,3
TR1598,91,4
TR1603,11,4
TR1603,17,4
TR1603,36,2
TR1603,56,5
TR1605,15,2
TR1605,23,2
TR1605,45,5
TR1605,70,2
TR1605,87,2
TR1605,89,3
TR1612,2,5
TR1612,25,2
TR1612,49,4
TR1612,54,3
TR1612,84,2
TR1612,97,1
TR1620,5,3
TR1620,7,5
TR1620,69,3
TR1620,84,5
TR1620,94,2
TR1636,1,1
TR1636,34,1
TR1636,36,5
TR1636,44,3
TR1636,50,3
TR1636,82,3
TR1638,2,4
TR1638,6,2
TR1638,48,3
TR1638,52,1
TR1638,57,4
TR1638,92,5
TR1660,32,
TR1660,40,4
TR1660,51,3
TR1660,73,4
TR1660,78,2
TR1660,80,1
TR1673,13,5
TR1673,14,5
TR1673,15,4
TR1673,45,1
TR1673,55,4
TR1673,93,1
TR1695,30,5
TR1695,31,2
TR1695,35,3
TR1695,47,1
TR1695,55,2
TR1695,66,1
TR1705,1,3
TR1705,19,1
TR1705,31,1
TR1705,33,5
TR1705,84,5
TR1709,42,1
TR1709,43,1
TR1709,53,1
TR1709,60,4
TR1709,91,2
TR1709,93,3
TR1711,3,1
TR1711,8,1
TR1711,52,5
TR1711,65,1
TR1711,85,2
TR1711,86,3
TR1729,42,5
TR1729,75,3
TR1729,83,3
TR1729,98,3
TR1739,3,5
TR1739,49,3
TR1739,55,5
TR1739,73,2
TR1755,5,5
TR1755,19,
TR1755,34,4
TR1755,78,5
TR1755,100,4
TR1760,22,5
TR1760,23,2
TR1760,68,4
TR1760,76,2
TR1760,91,3
TR1771,6,1
TR1771,12,4
TR1771,60,1
TR1771,82,2
TR1771,95,4
TR1772,14,5
TR1772,35,5
TR1772,54,1
TR1772,67,1
TR1772,93,1
TR1772,,3
TR1775,72,4
TR1775,79,4
TR1775,84,2
TR1775,90,4
TR1781,36,3
TR1781,50,5
TR1781,66,2
TR1781,100,1
TR1789,10,4
TR1789,43,2
TR1789,57,2
TR1789,65,5
TR1789,73,5
TR1789,98,3
TR1791,16,3
TR1791,31,4
TR1791,48,
TR1791,91,1
TR1791,,2
TR1810,18,2
TR1810,19,2
TR1810,33,2
TR1810,44,1
TR1810,57,2
TR1810,74,3
TR1814,49,4
TR1814,75,3
TR1814,92,4
TR1814,,1
TR1816,23,3
TR1816,32,1
TR1816,67,3
TR1816,73,4
TR1816,81,2
TR1826,55,4
TR1826,58,2
TR1826,65,2
TR1826,73,3
TR1826,100,2
TR1851,3,2
TR1851,10,1
TR1851,32,2
TR1851,70,5
TR1851,100,2
TR1852,50,5
TR1852,63,2
TR1852,66,4
TR1852,91,5
TR1852,94,3
TR1866,16,4
TR1866,35,1
TR1866,46,3
TR1866,52,2
TR1866,78,5
TR1877,28,2
TR1877,50,3
TR1877,58,5
TR1877,70,4
TR1877,90,5
TR1888,1,4
TR1888,2,4
TR1888,77,2
TR1888,79,2
TR1888,97,2
TR1893,12,2
TR1893,25,4
TR1893,31,3
TR1893,35,4
TR1893,100,3
TR1893,,4
TR1906,26,4
TR1906,44,2
TR1906,60,5
TR1906,71,4
TR1906,97,3
TR1908,47,4
TR1908,54,3
TR1908,61,1
TR1908,78,1
TR1908,86,1
TR1910,11,3
TR1910,32,3
TR1910,41,4
TR1910,44,3
TR1910,98,1
TR1914,12,1
TR1914,36,4
TR1914,68,1
TR1914,89,3
TR1935,23,1
TR1935,35,1
TR1935,36,3
TR1935,66,1
TR1935,71,1
TR1935,97,2
TR1941,3,3
TR1941,27,3
TR1941,34,5
TR1941,42,3
TR1941,90,
TR1941,97,3
TR1960,18,2
TR1960,21,4
TR1960,25,2
TR1960,29,4
TR1960,59,3
TR1960,68,3
TR1961,44,3
TR1961,71,1
TR1961,74,3
TR1961,78,1
TR1961,80,5
TR1967,8,5
TR1967,70,1
TR1967,79,4
TR1967,93,5
TR1967,98,3
TR1977,18,1
TR1977,26,2
TR1977,91,4
TR1990,19,2
TR1990,77,3
TR1990,83,5
TR1990,90,2
TR2026,18,1
TR2026,31,4
TR2026,50,3
TR2026,75,5
TR2026,88,4
TR2026,91,1
TR2030,27,5
TR2030,37,5
TR2030,39,3
TR2030,63,4
TR2030,86,5
TR2031,49,3
TR2031,53,1
TR2031,67,5
TR2031,68,2
TR2031,76,5
TR2040,18,3
TR2040,42,3
TR2040,45,3
TR2040,52,5
TR2040,74,1
TR2040,75,3
TR2045,9,2
TR2045,21,3
TR2045,22,5
TR2045,58,1
TR2045,66,2
TR2045,82,4
TR2048,7,1
TR2048,12,3
TR2048,15,5
TR2048,26,2
TR2054,14,5
TR2054,36,2
TR2054,48,3
TR2054,66,5
TR2054,77,3
TR2062,21,3
TR2062,33,2
TR2062,44,4
TR2062,53,3
TR2062,76,5
TR2062,88,5
TR2079,5,3
TR2079,40,1
TR2079,48,4
TR2079,89,2
TR2079,90,3
TR2080,18,2
TR2080,37,5
TR2080,50,1
TR2080,67,1
TR2080,72,5
TR2081,12,4
TR2081,35,5
TR2081,39,4
TR2081,42,5
TR2081,74,5
TR2090,1,1
TR2090,22,1
TR2090,30,1
TR2090,45,2
TR2090,61,3
TR2100,55,5
TR2100,82,2
TR2100,87,1
TR2100,99,3
TR2113,27,5
TR2113,82,5
TR2113,86,5
TR2113,90,3
TR2113,96,5
TR2116,1,5
TR2116,29,1
TR2116,34,2
TR2116,61,2
TR2116,79,5
TR2120,4,4
TR2120,10,1
TR2120,39,2
TR2120,51,3
TR2120,58,2
TR2120,64,2
TR2124,7,4
TR2124,52,1
TR2124,70,5
TR2124,81,5
TR2137,17,4
TR2137,21,4
TR2137,43,2
TR2137,45,1
TR2137,60,5
TR2152,24,4
TR2152,28,1
TR2152,46,5
TR2152,75,2
TR2152,80,4
TR2156,2,5
TR2156,7,5
TR2156,8,4
TR2156,44,4
TR2156,71,2
TR2158,8,2
TR2158,27,1
TR2158,88,3
TR2158,,1
TR2165,12,4
TR2165,20,1
TR2165,28,2
TR2165,30,4
TR2165,69,2
TR2181,14,2
TR2181,40,5
TR2181,63,3
TR2181,79,4
TR2181,97,2
TR2181,,1
TR2194,4,4
TR2194,27,3
TR2194,32,5
TR2194,49,5
TR2194,57,1
TR2195,32,4
TR2195,73,3
TR2195,80,1
TR2195,87,2
TR2195,88,2
TR2200,6,5
TR2200,10,1
TR2200,25,4
TR2200,70,1
TR2210,31,5
TR2210,40,3
TR2210,51,5
TR2210,55,1
TR2210,86,1
TR2216,12,5
TR2216,15,2
TR2216,17,4
TR2216,35,2
TR2216,78,1
TR2216,96,3
TR2220,25,4
TR2220,26,3
TR2220,30,1
TR2220,32,1
TR2220,43,2
TR2220,95,5
TR2225,3,1
TR2225,25,5
TR2225,41,
TR2225,45,1
TR2225,51,2
TR2250,11,3
TR2250,49,2
TR2250,62,4
TR2250,83,5
TR2250,91,1
TR2250,,5
TR2254,28,2
TR2254,62,2
TR2254,76,1
TR2254,78,5
TR2254,88,5
TR2261,2,5
TR2261,17,4
TR2261,34,5
TR2261,45,1
TR2261,87,5
TR2261,91,4
TR2285,12,3
TR2285,40,5
TR2285,46,2
TR2285,56,5
TR2285,76,5
TR2292,47,2
TR2292,54,4
TR2292,95,4
TR2292,100,1
TR2322,4,4
TR2322,14,4
TR2322,23,3
TR2322,58,5
TR2322,62,5
TR2330,2,4
TR2330,3,4
TR2330,10,4
TR2330,12,2
TR2330,18,2
TR2330,53,2
TR2337,1,2
TR2337,37,2
TR2337,42,4
TR2337,65,2
TR2337,66,3
TR2337,93,2
TR2339,57,1
TR2339,64,5
TR2339,79,5
TR2339,89,5
TR2351,34,1
TR2351,46,2
TR2351,62,4
TR2351,63,4
TR2351,68,3
TR2356,17,2
TR2356,19,1
TR2356,48,5
TR2356,51,3
TR2356,59,2
TR2362,15,3
TR2362,20,1
TR2362,24,1
TR2362,82,4
TR2362,85,4
TR2362,95,1
TR2368,22,1
TR2368,61,5
TR2368,76,3
TR2368,83,5
TR2368,93,3
TR2376,26,2
TR2376,36,4
TR2376,82,2
TR2376,84,5
TR2376,89,2
TR2376,96,1
TR2398,7,5
TR2398,40,2
TR2398,43,5
TR2398,46,3
TR2398,88,2
TR2405,17,1
TR2405,67,5
TR2405,75,3
TR2405,91,3
TR2405,92,2
TR2408,11,1
TR2408,29,1
TR2408,45,4
TR2408,93,3
TR2408,98,2
TR2409,38,1
TR2409,46,1
TR2409,70,3
TR2409,71,4
TR2409,98,3
TR2423,7,2
TR2423,46,1
TR2423,49,2
TR2423,85,4
TR2423,97,5
TR2431,13,1
TR2431,24,4
TR2431,30,1
TR2431,40,2
TR2431,49,1
TR2436,1,5
TR2436,6,5
TR2436,10,3
TR2436,15,5
TR2436,85,1
TR2450,12,4
TR2450,16,3
TR2450,18,5
TR2450,32,5
TR2469,21,3
TR2469,29,3
TR2469,33,2
TR2469,44,3
TR2469,70,5
TR2469,81,1
TR2470,1,4
TR2470,22,2
TR2470,25,5
TR2470,33,1
TR2470,63,1
TR2471,1,5
TR2471,2,1
TR2471,37,2
TR2471,63,3
TR2471,83,2
TR2476,3,1
TR2476,62,4
TR2476,66,3
TR2476,71,1
TR2476,75,4
TR2480,6,2
TR2480,15,5
TR2480,16,5
TR2480,29,3
TR2480,36,2
TR2481,10,1
TR2481,14,5
TR2481,39,2
TR2481,90,2
TR2501,10,2
TR2501,32,3
TR2501,33,3
TR2501,60,2
TR2501,100,3
TR2501,,4
TR2510,24,1
TR2510,38,2
TR2510,50,3
TR2510,54,5
TR2510,62,5
TR2510,70,2
TR2520,17,4
TR2520,26,1
TR2520,43,4
TR2520,73,1
TR2520,95,3
TR2526,9,5
TR2526,58,5
TR2526,62,4
TR2526,65,1
TR2526,92,3
TR2532,2,3
TR2532,23,2
TR2532,38,3
TR2532,82,4
TR2532,89,4
TR2546,1,3
TR2546,4,4
TR2546,11,3
TR2546,25,1
TR2546,26,
TR2548,1,1
TR2548,26,2
TR2548,35,4
TR2548,42,3
TR2548,68,4
TR2548,73,2
TR2566,24,5
TR2566,28,2
TR2566,53,2
TR2566,57,5
TR2574,11,1
TR2574,15,3
TR2574,60,4
TR2574,88,2
TR2574,100,2
TR2576,20,2
TR2576,42,4
TR2576,45,4
TR2576,55,5
TR2576,87,1
TR2576,100,1
TR2577,33,5
TR2577,35,5
TR2577,70,1
TR2577,73,2
TR2577,87,3
TR2584,3,1
TR2584,9,1
TR2584,15,2
TR2584,70,5
TR2584,86,4
TR2593,14,3
TR2593,38,4
TR2593,64,5
TR2593,77,1
TR2593,91,1
TR2595,29,5
TR2595,57,2
TR2595,82,2
TR2595,84,2
TR2595,85,3
TR2601,17,3
TR2601,18,3
TR2601,59,4
TR2601,61,1
TR2601,72,3
TR2602,3,4
TR2602,10,5
TR2602,13,1
TR2602,52,1
TR2602,83,5
TR2608,28,2
TR2608,37,5
TR2608,65,1
TR2608,66,4
TR2608,81,3
TR2608,88,5
TR2609,13,4
TR2609,25,1
TR2609,53,3
TR2609,63,3
TR2609,88,
TR2609,98,3
TR2617,10,1
TR2617,36,1
TR2617,48,2
TR2617,49,3
TR2617,51,3
TR2618,15,1
TR2618,20,5
TR2618,57,3
TR2618,67,1
TR2618,78,5
TR2620,4,5
TR2620,11,4
TR2620,21,3
TR2620,94,2
TR2634,8,5
TR2634,11,5
TR2634,21,3
TR2634,23,1
TR2634,48,2
TR2640,14,3
TR2640,25,1
TR2640,35,3
TR2640,64,1
TR2640,72,5
TR2643,5,1
TR2643,32,3
TR2643,73,2
TR2643,74,3
TR2643,76,3
TR2643,97,3
TR2663,12,4
TR2663,22,2
TR2663,23,1
TR2663,50,1
TR2663,96,2
TR2667,7,1
TR2667,29,2
TR2667,74,4
TR2667,83,4
TR2668,14,4
TR2668,39,5
TR2668,47,5
TR2668,48,3
TR2676,4,1
TR2676,9,5
TR2676,36,3
TR2676,39,3
TR2676,57,1
TR2676,76,5
TR2684,12,2
TR2684,30,5
TR2684,43,3
TR2707,11,2
TR2707,15,1
TR2707,18,4
TR2707,21,1
TR2707,72,5
TR2732,12,1
TR2732,16,1
TR2732,39,1
TR2732,61,1
TR2732,66,
TR2766,11,2
TR2766,48,3
TR2766,63,5
TR2766,71,3
TR2766,99,3
TR2792,3,5
TR2792,4,2
TR2792,5,4
TR2792,70,5
TR2792,99,1
TR2811,5,3
TR2811,16,4
TR2811,59,3
TR2811,78,3
TR2811,81,3
TR2852,2,5
TR2852,13,4
TR2852,49,2
TR2852,73,1
TR2852,86,4
TR2852,97,2
TR2856,56,5
TR2856,62,2
TR2856,64,2
TR2856,98,5
TR2858,3,5
TR2858,25,1
TR2858,34,5
TR2858,41,2
TR2858,48,3
TR2858,60,5
TR2859,32,5
TR2859,46,5
TR2859,67,3
TR2859,90,1
TR2859,,3
TR2870,8,1
TR2870,24,2
TR2870,41,3
TR2870,42,1
TR2870,66,4
TR2870,72,3
TR2875,13,4
TR2875,37,2
TR2875,40,3
TR2875,55,5
TR2911,6,5
TR2911,32,5
TR2911,49,4
TR2911,75,4
TR2911,80,2
TR2926,2,5
TR2926,32,3
TR2926,62,4
TR2926,64,4
TR2928,18,1
TR2928,50,2
TR2928,55,5
TR2928,63,4
TR2928,73,1
TR2928,74,1
TR2933,1,2
TR2933,16,3
TR2933,25,4
TR2933,47,3
TR2933,74,4
TR2933,76,1
TR2948,16,4
TR2948,37,5
TR2948,46,3
TR2948,89,4
TR2948,99,3
TR2948,,1
TR2968,10,2
TR2968,26,3
TR2968,30,2
TR2968,50,5
TR2968,65,1
TR2986,17,4
TR2986,49,3
TR2986,69,3
TR2986,75,1
TR2986,79,2
TR3009,4,1
TR3009,62,1
TR3009,78,5
TR3009,92,3
TR3009,98,2
TR3010,27,3
TR3010,39,5
TR3010,51,4
TR3010,55,3
TR3010,71,2
TR3010,,1
TR3022,6,3
TR3022,12,5
TR3022,26,5
TR3022,36,2
TR3022,59,3
TR3047,3,2
TR3047,38,4
TR3047,56,4
TR3047,79,4
TR3047,93,5
TR3051,11,2
TR3051,39,1
TR3051,79,3
TR3051,86,4
TR3051,,5
TR3070,13,5
TR3070,15,4
TR3070,20,5
TR3070,24,
TR3071,37,4
TR3071,43,5
TR3071,55,3
TR3071,91,3
TR3081,9,4
TR3081,24,1
TR3081,46,2
TR3081,72,2
TR3081,77,1
TR3097,13,2
TR3097,59,5
TR3097,61,1
TR3097,78,2
TR3097,98,5
TR3099,2,1
TR3099,30,1
TR3099,38,1
TR3099,55,1
TR3099,60,2
TR3100,26,4
TR3100,44,1
TR3100,52,5
TR3100,62,5
TR3100,67,2
TR3100,74,2
TR3101,10,5
TR3101,15,4
TR3101,36,5
TR3101,54,2
TR3101,66,5
TR3111,15,4
TR3111,72,5
TR3111,75,5
TR3111,84,1
TR3111,91,5
TR3129,32,3
TR3129,53,4
TR3129,68,3
TR3129,70,1
TR3129,98,3
TR3138,9,2
TR3138,14,5
TR3138,40,3
TR3138,41,3
TR3138,85,1
TR3138,96,1
TR3152,23,5
TR3152,90,5
TR3152,95,4
TR3152,98,4
TR3163,9,4
TR3163,39,3
TR3163,59,1
TR3163,75,4
TR3163,80,4
TR3168,10,1
TR3168,11,3
TR3168,13,4
TR3168,55,4
TR3168,85,5
TR3168,89,2
TR3169,7,2
TR3169,18,2
TR3169,42,3
TR3169,53,5
TR3169,84,3
TR3177,25,3
TR3177,38,1
TR3177,50,1
TR3177,52,4
TR3177,67,2
TR3181,40,3
TR3181,54,2
TR3181,91,3
TR3181,92,3
TR3181,93,4
TR3208,20,3
TR3208,23,2
TR3208,42,3
TR3208,64,1
TR3208,86,4
TR3210,9,1
TR3210,20,4
TR3210,88,4
TR3210,96,1
TR3220,2,1
TR3220,6,1
TR3220,9,5
TR3220,55,2
TR3220,71,5
TR3224,46,2
TR3224,71,1
TR3224,77,2
TR3224,78,3
TR3224,92,2
TR3238,12,5
TR3238,14,2
TR3238,41,4
TR3238,55,2
TR3238,76,2
TR3238,77,2
TR3241,6,5
TR3241,26,1
TR3241,34,3
TR3241,82,5
TR3241,93,1
TR3241,97,5
TR3261,12,5
TR3261,22,5
TR3261,51,5
TR3261,52,5
TR3261,88,1
TR3261,89,5
TR3269,8,2
TR3269,10,3
TR3269,27,4
TR3269,37,1
TR3269,42,2
TR3269,93,4
TR3275,19,3
TR3275,23,2
TR3275,27,5
TR3275,87,5
TR3275,96,4
TR3321,30,4
TR3321,57,4
TR3321,88,3
TR3321,93,4
TR3321,96,5
TR3323,3,2
TR3323,25,5
TR3323,48,2
TR3323,58,1
TR3323,66,4
TR3337,13,1
TR3337,28,5
TR3337,48,2
TR3337,52,3
TR3354,26,3
TR3354,30,4
TR3354,47,5
TR3354,56,1
TR3359,17,2
TR3359,33,1
TR3359,47,3
TR3359,72,2
TR3359,94,4
TR3364,24,5
TR3364,45,
TR3364,62,3
TR3364,92,3
TR3364,94,4
TR3369,33,3
TR3369,81,4
TR3369,96,1
TR3369,100,4
TR3372,11,3
TR3372,35,4
TR3372,36,3
TR3372,64,1
TR3372,89,3
TR3372,97,2
TR3411,28,2
TR3411,29,5
TR3411,68,4
TR3411,72,5
TR3411,94,5
TR3422,4,3
TR3422,17,1
TR3422,23,2
TR3422,66,2
TR3422,78,1
TR3434,4,4
TR3434,5,2
TR3434,33,3
TR3434,75,4
TR3434,81,2
TR3434,85,3
TR3437,17,2
TR3437,38,3
TR3437,56,2
TR3437,58,5
TR3442,9,3
TR3442,16,3
TR3442,36,5
TR3442,48,5
TR3452,22,1
TR3452,24,2
TR3452,26,4
TR3452,48,5
TR3452,61,3
TR3468,13,2
TR3468,41,1
TR3468,43,5
TR3468,76,4
TR3468,93,3
TR3488,19,4
TR3488,42,3
TR3488,53,4
TR3488,73,1
TR3488,77,5
TR3488,83,1
TR3494,8,3
TR3494,25,4
TR3494,32,3
TR3494,42,2
TR3494,56,2
TR3514,1,2
TR3514,34,1
TR3514,42,1
TR3514,65,4
TR3519,3,2
TR3519,9,5
TR3519,13,2
TR3519,76,2
TR3519,77,
TR3531,19,5
TR3531,23,4
TR3531,33,4
TR3531,46,5
TR3531,49,3
TR3565,23,2
TR3565,57,4
TR3565,69,2
TR3565,100,5
TR3572,28,3
TR3572,73,3
TR3572,90,1
TR3572,95,5
TR3593,4,4
TR3593,11,5
TR3593,20,5
TR3593,52,3
TR3593,78,4
TR3606,31,5
TR3606,41,3
TR3606,70,5
TR3606,75,2
TR3606,77,3
TR3611,5,5
TR3611,16,5
TR3611,19,3
TR3611,30,3
TR3611,57,1
TR3620,5,2
TR3620,8,5
TR3620,42,4
TR3621,36,3
TR3621,48,5
TR3621,59,4
TR3621,84,3
TR3622,21,4
TR3622,63,5
TR3622,86,4
TR3622,91,1
TR3633,13,3
TR3633,18,5
TR3633,60,4
TR3633,66,1
TR3633,92,4
TR3653,7,2
TR3653,10,4
TR3653,12,5
TR3653,41,3
TR3655,4,2
TR3655,25,1
TR3655,32,2
TR3655,50,3
TR3655,73,2
TR3678,9,3
TR3678,19,5
TR3678,79,3
TR3678,99,1
TR3692,3,1
TR3692,14,3
TR3692,37,1
TR3692,43,5
TR3692,69,2
TR3714,33,4
TR3714,39,1
TR3714,40,4
TR3714,75,3
TR3731,25,3
TR3731,43,3
TR3731,53,1
TR3731,85,2
TR3744,20,4
TR3744,32,3
TR3744,46,1
TR3744,56,2
TR3744,77,4
TR3744,99,2
TR3749,16,1
TR3749,17,3
TR3749,62,3
TR3749,80,4
TR3749,82,3
TR3767,25,5
TR3767,36,5
TR3767,61,1
TR3767,77,2
TR3771,26,5
TR3771,68,4
TR3771,71,1
TR3771,77,2
TR3771,85,4
TR3772,5,2
TR3772,59,1
TR3772,73,5
TR3772,,2
TR3801,20,1
TR3801,29,5
TR3801,38,1
TR3801,73,4
TR3801,75,5
TR3820,21,4
TR3820,32,1
TR3820,33,3
TR3820,56,4
TR3820,60,1
TR3820,97,2
TR3833,7,5
TR3833,67,1
TR3833,74,3
TR3836,36,3
TR3836,48,4
TR3836,50,5
TR3836,69,4
TR3836,86,1
TR3859,20,1
TR3859,21,2
TR3859,75,4
TR3859,80,5
TR3859,91,3
TR3897,9,3
TR3897,25,1
TR3897,66,3
TR3897,79,3
TR3900,10,3
TR3900,31,2
TR3900,34,5
TR3900,56,5
TR3900,76,2
TR3900,86,4
TR3908,10,1
TR3908,37,5
TR3908,49,3
TR3908,60,5
TR3908,80,5
TR3911,4,5
TR3911,18,3
TR3911,58,1
TR3911,64,1
TR3911,65,5
TR3912,4,4
TR3912,39,1
TR3912,66,4
TR3912,70,4
TR3912,72,2
TR3927,26,5
TR3927,43,4
TR3927,45,2
TR3927,88,4
TR3927,94,3
TR3927,,2
TR3929,12,2
TR3929,16,2
TR3929,56,3
TR3929,63,5
TR3929,72,3
TR3933,51,3
TR3933,85,
TR3933,88,2
TR3933,98,3
TR3941,11,4
TR3941,57,1
TR3941,64,3
TR3941,67,4
TR3941,69,4
TR3943,3,2
TR3943,19,4
TR3943,47,3
TR3943,63,3
TR3943,73,3
TR3943,85,1
TR3958,3,5
TR3958,15,1
TR3958,37,1
TR3958,44,2
TR3958,62,1
TR3958,94,1
TR3974,24,1
TR3974,36,5
TR3974,54,4
TR3974,66,2
TR3974,93,4
TR3985,23,1
TR3985,35,4
TR3985,41,3
TR3985,47,4
TR3985,66,3
TR4000,20,1
TR4000,30,1
TR4000,36,5
TR4000,44,1
TR4002,13,4
TR4002,18,2
TR4002,23,2
TR4002,72,5
TR4002,89,3
TR4017,18,1
TR4017,65,3
TR4017,73,3
TR4017,88,1
TR4020,13,
TR4020,22,5
TR4020,25,5
TR4020,74,1
TR4020,94,5
TR4025,34,4
TR4025,76,3
TR4025,88,4
TR4025,95,1
TR4025,98,5
TR4025,99,1
TR4026,4,2
TR4026,26,1
TR4026,34,3
TR4026,45,4
TR4026,46,1
TR4026,88,1
TR4045,14,2
TR4045,21,2
TR4045,44,3
TR4045,56,5
TR4045,93,2
TR4061,8,3
TR4061,29,1
TR4061,64,5
TR4061,70,1
TR4061,85,2
TR4078,17,4
TR4078,30,5
TR4078,31,5
TR4078,65,4
TR4078,74,1
TR4078,95,1
TR4085,7,2
TR4085,33,4
TR4085,63,5
TR4085,76,1
TR4085,83,1
TR4094,10,4
TR4094,16,4
TR4094,45,1
TR4094,57,1
TR4094,79,4
TR4105,7,3
TR4105,40,1
TR4105,41,4
TR4105,59,2
TR4105,83,3
TR4114,32,5
TR4114,47,2
TR4114,61,1
TR4114,66,2
TR4114,87,2
TR4115,2,5
TR4115,13,2
TR4115,22,2
TR4115,66,3
TR4115,71,5
TR4115,73,3
TR4119,11,2
TR4119,68,3
TR4119,95,5
TR4119,99,2
TR4125,27,5
TR4125,55,3
TR4125,66,2
TR4125,90,5
TR4125,97,2
TR4126,11,5
TR4126,45,5
TR4126,64,1
TR4126,71,1
TR4132,31,3
TR4132,51,4
TR4132,67,1
TR4132,69,4
TR4132,82,5
TR4132,100,2
TR4137,31,5
TR4137,52,4
TR4137,59,3
TR4137,63,3
TR4137,73,5
TR4137,79,4
TR4231,24,5
TR4231,36,3
TR4231,40,4
TR4231,43,5
TR4231,61,4
TR4231,74,4
TR4240,26,3
TR4240,36,1
TR4240,65,3
TR4240,93,5
TR4266,3,3
TR4266,19,3
TR4266,60,5
TR4266,68,5
TR4266,85,2
TR4267,35,4
TR4267,38,1
TR4267,48,4
TR4267,65,3
TR4267,73,2
TR4276,13,5
TR4276,18,5
TR4276,23,1
TR4276,26,1
TR4276,28,3
TR4276,56,5
TR4286,35,4
TR4286,39,2
TR4286,41,2
TR4286,74,3
TR4286,77,1
TR4288,1,2
TR4288,49,1
TR4288,67,5
TR4288,68,4
TR4297,35,3
TR4297,44,4
TR4297,66,2
TR4297,95,1
TR4297,97,1
TR4310,46,1
TR4310,51,4
TR4310,59,4
TR4310,73,4
TR4310,75,1
TR4313,4,1
TR4313,6,1
TR4313,9,2
TR4313,84,2
TR4318,6,1
TR4318,8,4
TR4318,15,5
TR4318,69,5
TR4318,79,1
TR4323,28,4
TR4323,43,4
TR4323,55,2
TR4323,78,3
TR4323,91,1
TR4325,8,3
TR4325,10,5
TR4325,69,4
TR4325,70,3
TR4325,94,4
TR4334,8,4
TR4334,12,4
TR4334,22,2
TR4334,35,3
TR4334,51,2
TR4338,26,5
TR4338,58,2
TR4338,71,1
TR4338,85,5
TR4338,98,5
TR4354,4,5
TR4354,9,2
TR4354,22,5
TR4354,55,5
TR4354,67,1
TR4354,69,3
TR4374,37,1
TR4374,41,1
TR4374,52,4
TR4374,95,3
TR4374,99,5
TR4376,21,2
TR4376,49,5
TR4376,59,3
TR4376,65,1
TR4376,85,1
TR4376,,1
TR4388,17,4
TR4388,25,1
TR4388,50,2
TR4388,63,2
TR4388,76,2
TR4388,83,1
TR4393,9,4
TR4393,32,4
TR4393,35,1
TR4393,80,2
TR4393,93,5
TR4396,30,2
TR4396,57,2
TR4396,58,4
TR4396,78,2
TR4396,86,1
TR4402,3,5
TR4402,44,1
TR4402,48,1
TR4402,69,2
TR4402,76,2
TR4402,84,4
TR4411,21,5
TR4411,72,5
TR4411,82,5
TR4411,87,3
TR4415,16,1
TR4415,18,4
TR4415,34,3
TR4415,80,4
TR4415,86,5
TR4416,6,1
TR4416,32,5
TR4416,42,1
TR4416,45,5
TR4416,62,1
TR4430,5,4
TR4430,52,5
TR4430,83,5
TR4430,90,1
TR4430,98,4
TR4439,16,1
TR4439,24,5
TR4439,54,5
TR4439,99,5
TR4439,,3
TR4461,9,3
TR4461,11,4
TR4461,18,5
TR4461,87,5
TR4461,93,5
TR4462,11,3
TR4462,23,4
TR4462,85,4
TR4462,94,3
TR4463,12,5
TR4463,48,1
TR4463,51,4
TR4463,65,5
TR4486,81,5
TR4486,89,2
TR4486,91,5
TR4486,98,3
TR4493,25,2
TR4493,50,5
TR4493,61,1
TR4493,65,4
TR4500,13,5
TR4500,29,1
TR4500,65,3
TR4500,72,5
TR4500,83,1
TR4500,96,3
TR4533,49,1
TR4533,69,5
TR4533,91,1
TR4549,14,4
TR4549,41,4
TR4549,43,2
TR4549,56,4
TR4549,68,1
TR4549,78,1
TR4558,6,5
TR4558,15,1
TR4558,29,4
TR4558,44,1
TR4558,53,5
TR4568,13,1
TR4568,28,3
TR4568,30,2
TR4568,56,1
TR4595,8,3
TR4595,32,2
TR4595,91,1
TR4598,4,5
TR4598,58,4
TR4598,69,1
TR4598,90,2
TR4599,17,5
TR4599,37,5
TR4599,58,2
TR4599,88,5
TR4609,21,5
TR4609,47,3
TR4609,53,4
TR4609,93,1
TR4609,98,1
TR4613,1,3
TR4613,35,1
TR4613,54,5
TR4613,75,4
TR4613,89,4
TR4615,7,3
TR4615,19,1
TR4615,82,4
TR4615,90,2
TR4615,100,4
TR4615,,1
TR4625,39,3
TR4625,62,2
TR4625,70,1
TR4625,74,3
TR4638,30,1
TR4638,47,4
TR4638,63,2
TR4642,24,3
TR4642,30,
TR4642,61,1
TR4642,93,2
TR4642,96,2
TR4663,20,5
TR4663,47,5
TR4663,55,1
TR4663,72,1
TR4676,16,3
TR4676,22,1
TR4676,31,5
TR4676,69,5
TR4676,81,4
TR4715,27,3
TR4715,49,2
TR4715,61,1
TR4715,68,5
TR4715,80,3
TR4719,7,3
TR4719,16,2
TR4719,57,4
TR4719,68,1
TR4720,6,5
TR4720,7,5
TR4720,46,1
TR4720,59,4
TR4720,65,5
TR4723,16,5
TR4723,43,1
TR4723,97,4
TR4727,11,1
TR4727,30,2
TR4727,33,4
TR4727,93,5
TR4728,11,1
TR4728,24,4
TR4728,68,4
TR4728,76,5
TR4728,89,4
TR4749,19,5
TR4749,29,3
TR4749,30,3
TR4749,88,4
TR4749,95,3
TR4765,24,3
TR4765,52,3
TR4765,71,1
TR4765,83,4
TR4765,95,2
TR4795,33,5
TR4795,54,1
TR4795,64,4
TR4795,94,2
TR4802,3,1
TR4802,58,3
TR4802,81,1
TR4802,82,2
TR4802,84,3
TR4802,97,4
TR4820,10,2
TR4820,20,1
TR4820,67,2
TR4820,77,2
TR4820,80,5
TR4821,48,3
TR4821,51,5
TR4821,62,1
TR4821,73,1
TR4821,95,5
TR4831,15,2
TR4831,29,5
TR4831,30,5
TR4831,70,2
TR4836,4,2
TR4836,35,5
TR4836,39,2
TR4836,71,5
TR4836,87,1
TR4848,20,3
TR4848,26,2
TR4848,30,3
TR4848,35,4
TR4848,65,1
TR4848,75,1
TR4849,6,2
TR4849,38,4
TR4849,40,1
TR4849,41,4
TR4849,54,4
TR4864,23,1
TR4864,30,5
TR4864,43,2
TR4864,54,5
TR4864,93,4
TR4867,7,5
TR4867,17,2
TR4867,46,2
TR4867,47,3
TR4867,84,5
TR4875,46,5
TR4875,52,3
TR4875,66,5
TR4875,75,1
TR4875,86,1
TR4875,92,5
TR4877,14,2
TR4877,18,5
TR4877,55,5
TR4877,96,2
TR4877,,4
TR4880,2,4
TR4880,40,3
TR4880,62,2
TR4880,65,1
TR4880,71,4
TR4885,24,3
TR4885,40,5
TR4885,45,1
TR4885,58,4
TR4885,73,4
TR4897,8,2
TR4897,36,1
TR4897,51,1
TR4897,68,3
TR4897,69,5
TR4897,87,1
TR4928,1,1
TR4928,63,4
TR4928,66,5
TR4928,87,1
TR4928,96,3
TR4963,4,2
TR4963,13,4
TR4963,19,1
TR4963,41,1
TR4963,82,3
TR4963,87,2
TR4971,22,1
TR4971,55,5
TR4971,69,2
TR4971,74,5
TR4971,90,3
TR4977,20,4
TR4977,22,3
TR4977,29,5
TR4977,31,3
TR4977,32,3
TR4977,99,3
TR4994,14,5
TR4994,39,2
TR4994,54,1
TR4994,56,3
TR4994,97,2
TR5002,9,1
TR5002,12,2
TR5002,51,1
TR5002,55,2
TR5002,80,5
TR5020,19,4
TR5020,36,5
TR5020,52,1
TR5020,78,4
TR5020,80,2
TR5020,88,3
TR5026,6,2
TR5026,67,4
TR5026,74,3
TR5026,80,5
TR5033,21,5
TR5033,25,2
TR5033,35,3
TR5033,39,5
TR5033,59,4
TR5053,1,5
TR5053,5,5
TR5053,26,2
TR5053,50,1
TR5053,75,5
TR5055,32,1
TR5055,42,4
TR5055,62,5
TR5055,64,3
TR5055,87,5
TR5064,6,1
TR5064,28,2
TR5064,76,4
TR5064,78,5
TR5064,80,1
TR5067,4,3
TR5067,21,1
TR5067,27,4
TR5067,34,5
TR5067,93,4
TR5074,19,1
TR5074,52,5
TR5074,58,1
TR5074,65,2
TR5074,81,5
TR5074,86,5
TR5076,12,3
TR5076,19,2
TR5076,58,2
TR5076,82,4
TR5076,,3
TR5100,19,1
TR5100,29,5
TR5100,77,2
TR5100,88,4
TR5111,19,2
TR5111,60,3
TR5111,64,5
TR5111,90,1
TR5111,98,2
TR5116,20,1
TR5116,37,4
TR5116,43,3
TR5116,86,3
TR5116,92,3
TR5128,16,4
TR5128,33,4
TR5128,38,1
TR5128,39,3
TR5128,90,5
TR5155,6,5
TR5155,28,1
TR5155,29,2
TR5155,31,1
TR5155,49,1
TR5155,88,4
TR5165,9,1
TR5165,11,3
TR5165,29,1
TR5165,67,2
TR5165,97,4
TR5176,8,4
TR5176,10,3
TR5176,23,2
TR5176,49,4
TR5176,88,1
TR5182,15,5
TR5182,27,5
TR5182,53,1
TR5182,88,4
TR5186,23,5
TR5186,34,5
TR5186,38,2
TR5186,63,1
TR5186,74,1
TR5186,81,2
TR5199,12,4
TR5199,22,4
TR5199,45,5
TR5199,90,1
TR5199,95,5
TR5203,6,5
TR5203,10,1
TR5203,37,4
TR5203,52,4
TR5203,69,1
TR5208,14,4
TR5208,36,4
TR5208,38,4
TR5208,57,3
TR5215,5,4
TR5215,31,4
TR5215,49,1
TR5215,57,3
TR5215,58,5
TR5215,91,5
TR5223,31,2
TR5223,64,4
TR5223,97,5
TR5223,,4
TR5224,13,5
TR5224,74,4
TR5224,79,1
TR5224,98,3
TR5228,10,
TR5228,12,1
TR5228,22,3
TR5228,36,5
TR5228,74,2
TR5231,49,2
TR5231,53,5
TR5231,62,3
TR5231,89,3
TR5237,2,4
TR5237,17,5
TR5237,31,5
TR5237,41,4
TR5237,49,1
TR5241,31,5
TR5241,34,5
TR5241,71,1
TR5241,86,1
TR5241,94,3
TR5247,40,4
TR5247,47,3
TR5247,75,1
TR5247,94,2
TR5271,34,2
TR5271,38,2
TR5271,53,4
TR5271,68,2
TR5271,87,1
TR5280,5,4
TR5280,27,3
TR5280,50,2
TR5280,60,4
TR5280,78,1
TR5280,81,5
TR5289,19,
TR5289,25,1
TR5289,37,3
TR5289,43,2
TR5289,80,2
TR5289,82,2
TR5292,66,3
TR5292,68,2
TR5292,79,5
TR5292,81,2
TR5303,2,3
TR5303,31,2
TR5303,35,3
TR5303,49,2
TR5303,70,1
TR5315,2,2
TR5315,67,4
TR5315,70,5
TR5315,74,1
TR5315,77,5
TR5323,31,5
TR5323,59,5
TR5323,73,2
TR5323,86,2
TR5323,94,4
TR5323,97,3
TR5337,23,5
TR5337,24,1
TR5337,42,3
TR5337,45,1
TR5337,94,1
TR5337,95,4
TR5351,6,1
TR5351,20,5
TR5351,33,1
TR5351,78,3
TR5351,87,2
TR5355,11,3
TR5355,21,5
TR5355,46,1
TR5355,62,1
TR5355,77,3
TR5367,11,3
TR5367,45,5
TR5367,54,1
TR5367,64,4
TR5370,3,1
TR5370,49,5
TR5370,61,4
TR5370,63,5
TR5370,73,1
TR5370,79,4
TR5371,9,2
TR5371,19,4
TR5371,21,5
TR5371,45,3
TR5371,61,1
TR5371,80,3
TR5373,33,4
TR5373,46,3
TR5373,47,3
TR5373,48,2
TR5373,63,1
TR5385,50,4
TR5385,55,2
TR5385,70,4
TR5385,78,4
TR5385,88,5
TR5386,9,1
TR5386,23,1
TR5386,29,4
TR5386,48,1
TR5386,84,1
TR5395,7,3
TR5395,13,1
TR5395,17,2
TR5395,41,2
TR5395,94,4
TR5399,27,4
TR5399,45,3
TR5399,94,4
TR5406,15,2
TR5406,19,1
TR5406,65,5
TR5406,93,3
TR5413,11,1
TR5413,24,1
TR5413,51,2
TR5413,86,4
TR5413,88,2
TR5419,8,3
TR5419,11,3
TR5419,56,2
TR5419,68,5
TR5419,100,1
TR5429,42,5
TR5429,48,1
TR5429,67,1
TR5429,95,3
TR5439,7,2
TR5439,19,1
TR5439,30,1
TR5439,36,4
TR5439,44,1
TR5442,63,1
TR5442,80,
TR5442,88,2
TR5442,90,4
TR5442,100,3
TR5460,6,5
TR5460,36,1
TR5460,52,5
TR5460,90,3
TR5464,22,2
TR5464,33,4
TR5464,39,3
TR5464,53,3
TR5464,91,1
TR5465,5,5
TR5465,19,4
TR5465,32,1
TR5465,52,2
TR5465,59,1
TR5466,58,3
TR5466,65,2
TR5466,74,4
TR5466,86,2
TR5474,18,1
TR5474,19,3
TR5474,26,4
TR5474,45,4
TR5474,54,4
TR5492,6,2
TR5492,25,1
TR5492,74,1
TR5492,89,2
TR5492,96,4
TR5498,25,3
TR5498,55,5
TR5498,65,5
TR5498,100,1
TR5504,10,4
TR5504,40,1
TR5504,52,1
TR5504,55,4
TR5504,85,2
TR5505,1,2
TR5505,6,1
TR5505,63,2
TR5505,68,5
TR5505,96,4
TR5506,17,5
TR5506,57,4
TR5506,88,4
TR5506,95,4
TR5506,97,2
TR5525,2,1
TR5525,54,2
TR5525,64,1
TR5525,85,3
TR5555,16,1
TR5555,61,4
TR5555,79,3
TR5555,85,4
TR5555,92,1
TR5557,12,4
TR5557,18,2
TR5557,33,5
TR5557,52,5
TR5561,6,2
TR5561,11,2
TR5561,34,4
TR5561,35,2
TR5561,92,4
TR5581,12,3
TR5581,16,2
TR5581,23,1
TR5581,57,5
TR5618,10,5
TR5618,22,5
TR5618,47,3
TR5618,49,5
TR5618,67,2
TR5618,70,5
TR5640,53,4
TR5640,96,2
TR5654,28,2
TR5654,56,2
TR5654,70,5
TR5654,80,4
TR5654,90,4
TR5660,15,2
TR5660,16,4
TR5660,32,1
TR5660,53,2
TR5660,60,4
TR5660,99,3
TR5682,22,4
TR5682,42,2
TR5682,46,5
TR5682,54,3
TR5682,97,5
TR5702,19,5
TR5702,41,3
TR5702,51,5
TR5702,53,5
TR5702,77,4
TR5706,11,2
TR5706,13,2
TR5706,21,1
TR5706,41,2
TR5706,43,1
TR5706,68,3
TR5714,14,3
TR5714,37,3
TR5714,44,2
TR5714,87,4
TR5714,89,1
TR5726,18,4
TR5726,31,1
TR5726,44,4
TR5726,60,5
TR5726,87,3
TR5759,2,3
TR5759,4,1
TR5759,12,4
TR5759,31,1
TR5769,2,4
TR5769,12,4
TR5769,54,5
TR5769,95,3
TR5769,,2
TR5771,18,2
TR5771,21,2
TR5771,71,1
TR5771,74,2
TR5771,87,4
TR5779,28,1
TR5779,37,3
TR5779,70,5
TR5779,74,5
TR5779,87,5
TR5786,7,2
TR5786,29,3
TR5786,31,3
TR5786,55,5
TR5786,56,2
TR5792,8,1
TR5792,26,4
TR5792,56,1
TR5792,59,5
TR5792,61,4
TR5802,24,5
TR5802,57,3
TR5802,90,5
TR5802,92,5
TR5809,45,2
TR5809,46,2
TR5809,49,3
TR5809,78,3
TR5809,86,2
TR5810,17,2
TR5810,24,2
TR5810,43,4
TR5810,70,3
TR5815,39,3
TR5815,42,3
TR5815,69,5
TR5815,96,2
TR5816,10,3
TR5816,25,2
TR5816,40,1
TR5816,42,4
TR5818,29,1
TR5818,59,1
TR5818,62,1
TR5818,72,4
TR5833,27,1
TR5833,46,1
TR5833,82,4
TR5833,86,2
TR5833,98,3
TR5835,14,5
TR5835,24,2
TR5835,44,1
TR5835,48,5
TR5835,67,1
TR5839,4,5
TR5839,8,4
TR5839,27,2
TR5839,30,2
TR5839,87,3
TR5846,6,3
TR5846,84,3
TR5846,96,2
TR5850,13,2
TR5850,35,1
TR5850,75,3
TR5850,80,4
TR5851,8,2
TR5851,23,2
TR5851,28,4
TR5851,84,1
TR5858,20,3
TR5858,55,5
TR5858,71,3
TR5858,99,2
TR5883,1,4
TR5883,4,3
TR5883,34,4
TR5883,64,4
TR5885,1,2
TR5885,47,3
TR5885,82,3
TR5885,98,2
TR5890,35,3
TR5890,64,2
TR5890,72,4
TR5896,15,1
TR5896,21,4
TR5896,37,5
TR5896,40,5
TR5896,83,1
TR5897,12,3
TR5897,32,5
TR5897,67,5
TR5897,89,4
TR5897,97,2
TR5913,19,1
TR5913,50,4
TR5913,86,5
TR5913,92,2
TR5913,94,3
TR5914,22,1
TR5914,38,
TR5914,48,3
TR5914,82,4
TR5914,91,2
TR5933,8,5
TR5933,12,1
TR5933,17,1
TR5933,65,5
TR5933,70,4
TR5933,87,5
TR5934,6,1
TR5934,12,5
TR5934,52,3
TR5934,60,1
TR5934,87,2
TR5954,14,2
TR5954,17,3
TR5954,43,2
TR5954,50,5
TR5954,60,2
TR5954,92,1
TR5960,28,3
TR5960,46,1
TR5960,90,4
TR5960,95,1
TR5964,12,1
TR5964,22,5
TR5964,46,5
TR5964,50,2
TR5964,82,4
TR5968,8,1
TR5968,16,3
TR5968,64,1
TR5968,96,5
TR5968,100,5
TR5976,18,3
TR5976,22,2
TR5976,46,5
TR5976,72,2
TR5996,39,3
TR5996,44,4
TR5996,53,5
TR5996,54,1
TR5996,57,4
TR6001,34,
TR6001,41,5
TR6001,60,1
TR6001,68,2
TR6001,75,2
TR6008,43,4
TR6008,48,3
TR6008,60,4
TR6008,93,1
TR6008,97,1
TR6027,17,5
TR6027,31,5
TR6027,80,3
TR6027,91,1
TR6029,42,2
TR6029,51,4
TR6029,66,4
TR6029,91,2
TR6032,12,4
TR6032,14,1
TR6032,26,5
TR6032,40,1
TR6032,67,4
TR6034,1,5
TR6034,9,1
TR6034,37,1
TR6034,99,1
TR6041,8,1
TR6041,61,3
TR6041,64,1
TR6041,95,4
TR6052,8,1
TR6052,53,3
TR6052,88,3
TR6052,91,3
TR6052,93,1
TR6059,5,1
TR6059,23,2
TR6059,28,2
TR6059,44,3
TR6059,72,4
TR6059,92,5
TR6062,37,1
TR6062,62,4
TR6062,80,5
TR6062,84,5
TR6062,88,2
TR6063,8,5
TR6063,14,4
TR6063,19,2
TR6063,21,5
TR6063,26,3
TR6063,63,3
TR6073,5,2
TR6073,47,1
TR6073,56,5
TR6073,87,3
TR6074,7,2
TR6074,11,4
TR6074,42,1
TR6074,51,3
TR6074,52,
TR6074,73,5
TR6078,8,2
TR6078,68,5
TR6078,88,5
TR6078,89,3
TR6090,8,5
TR6090,38,5
TR6090,64,5
TR6090,71,2
TR6090,83,5
TR6118,2,2
TR6118,6,1
TR6118,43,5
TR6118,50,2
TR6118,88,2
TR6118,100,3
TR6126,32,4
TR6126,36,3
TR6126,82,5
TR6126,99,5
TR6154,12,2
TR6154,53,1
TR6154,75,2
TR6154,76,4
TR6154,,5
TR6169,22,4
TR6169,77,4
TR6169,90,1
TR6169,100,5
TR6186,1,3
TR6186,2,2
TR6186,12,1
TR6186,53,3
TR6186,67,4
TR6196,11,1
TR6196,27,2
TR6196,88,4
TR6196,89,3
TR6198,18,3
TR6198,47,2
TR6198,81,1
TR6198,85,2
TR6198,100,1
TR6204,7,2
TR6204,30,1
TR6204,45,3
TR6204,57,3
TR6204,90,2
TR6221,25,5
TR6221,56,3
TR6221,67,1
TR6221,73,3
TR6238,14,5
TR6238,35,3
TR6238,39,4
TR6238,59,3
TR6242,15,1
TR6242,25,1
TR6242,53,4
TR6242,58,5
TR6242,63,3
TR6242,87,2
TR6269,58,5
TR6269,60,2
TR6269,76,1
TR6269,93,4
TR6272,7,4
TR6272,22,2
TR6272,92,1
TR6272,100,5
TR6275,16,3
TR6275,47,1
TR6275,58,5
TR6275,62,2
TR6284,39,3
TR6284,41,5
TR6284,43,5
TR6284,90,1
TR6289,4,3
TR6289,7,3
TR6289,33,3
TR6289,43,5
TR6289,47,1
TR6289,61,4
TR6295,34,5
TR6295,37,3
TR6295,57,3
TR6295,89,2
TR6295,90,4
TR6303,6,3
TR6303,23,5
TR6303,52,5
TR6303,97,4
TR6303,98,2
TR6315,3,2
TR6315,19,4
TR6315,67,5
TR6315,69,5
TR6315,85,1
TR6323,27,1
TR6323,46,5
TR6323,61,4
TR6323,75,4
TR6323,86,5
TR6331,13,5
TR6331,37,1
TR6331,58,1
TR6331,85,3
TR6331,91,3
TR6346,25,1
TR6346,63,3
TR6346,98,1
TR6346,99,3
TR6351,29,4
TR6351,47,5
TR6351,52,2
TR6351,72,
TR6351,91,2
TR6356,48,1
TR6356,61,1
TR6356,87,2
TR6356,94,3
TR6356,99,1
TR6369,12,4
TR6369,20,1
TR6369,86,3
TR6369,88,4
TR6397,37,5
TR6397,45,4
TR6397,57,4
TR6397,90,2
TR6397,98,4
TR6402,5,1
TR6402,51,1
TR6402,52,1
TR6402,59,3
TR6405,16,2
TR6405,34,4
TR6405,46,2
TR6405,58,3
TR6427,5,1
TR6427,27,1
TR6427,44,3
TR6427,99,5
TR6434,9,5
TR6434,16,3
TR6434,26,5
TR6434,61,3
TR6434,88,2
TR6434,91,1
TR6445,30,2
TR6445,62,4
TR6445,66,4
TR6445,79,4
TR6445,91,2
TR6448,3,1
TR6448,54,1
TR6448,61,5
TR6448,83,4
TR6452,16,5
TR6452,18,5
TR6452,39,5
TR6452,76,4
TR6452,86,3
TR6463,30,2
TR6463,43,4
TR6463,57,4
TR6463,65,1
TR6463,94,4
TR6480,18,2
TR6480,50,3
TR6480,88,4
TR6480,95,2
TR6492,1,1
TR6492,29,2
TR6492,31,1
TR6492,57,3
TR6492,72,5
TR6498,23,1
TR6498,38,4
TR6498,62,
TR6498,66,5
TR6507,3,2
TR6507,10,4
TR6507,34,1
TR6507,53,3
TR6507,60,
TR6507,63,5
TR6517,7,5
TR6517,53,4
TR6517,56,1
TR6517,77,1
TR6517,80,5
TR6533,60,1
TR6533,68,4
TR6533,75,2
TR6533,88,3
TR6533,97,1
TR6549,33,1
TR6549,35,2
TR6549,51,1
TR6549,70,4
TR6549,82,3
TR6563,19,4
TR6563,21,4
TR6563,45,1
TR6563,58,3
TR6563,72,4
TR6569,20,2
TR6569,76,5
TR6569,89,2
TR6569,100,1
TR6571,3,4
TR6571,14,5
TR6571,21,4
TR6571,30,2
TR6571,61,2
TR6577,9,3
TR6577,16,4
TR6577,39,2
TR6577,89,3
TR6577,95,1
TR6579,11,4
TR6579,30,4
TR6579,42,1
TR6579,71,5
TR6579,99,2
TR6587,43,4
TR6587,72,
TR6587,96,2
TR6587,98,1
TR6587,,2
TR6590,46,5
TR6590,55,3
TR6590,77,2
TR6590,89,4
TR6590,100,3
TR6599,67,3
TR6599,71,5
TR6599,83,3
TR6599,89,4
TR6599,92,5
TR6600,18,2
TR6600,43,4
TR6600,65,2
TR6635,54,2
TR6635,72,3
TR6635,76,5
TR6640,5,5
TR6640,23,3
TR6640,54,4
TR6640,59,
TR6640,64,4
TR6640,98,5
TR6644,9,3
TR6644,13,4
TR6644,57,3
TR6644,73,4
TR6657,12,2
TR6657,32,2
TR6657,81,2
TR6657,86,4
TR6657,99,4
TR6660,50,3
TR6660,51,5
TR6660,57,2
TR6660,74,
TR6660,82,5
TR6660,83,5
TR6680,7,4
TR6680,10,5
TR6680,20,1
TR6680,68,1
TR6680,79,2
TR6693,7,3
TR6693,12,3
TR6693,40,3
TR6693,47,1
TR6693,85,2
TR6693,94,1
TR6695,31,2
TR6695,36,1
TR6695,39,3
TR6695,85,2
TR6695,99,1
TR6706,29,2
TR6706,50,3
TR6706,52,3
TR6706,82,1
TR6706,84,3
TR6710,18,4
TR6710,24,2
TR6710,28,2
TR6710,61,5
TR6721,42,2
TR6721,58,5
TR6721,83,3
TR6721,96,2
TR6721,100,4
TR6742,3,3
TR6742,13,1
TR6742,14,2
TR6742,23,2
TR6742,66,4
TR6742,67,4
TR6778,14,2
TR6778,57,1
TR6778,62,2
TR6778,73,1
TR6779,32,2
TR6779,42,3
TR6779,48,4
TR6779,65,3
TR6779,71,4
TR6784,1,4
TR6784,33,2
TR6784,45,5
TR6784,73,5
TR6784,92,2
TR6789,20,2
TR6789,28,2
TR6789,30,2
TR6789,72,5
TR6789,85,3
TR6792,16,5
TR6792,24,5
TR6792,27,4
TR6792,45,3
TR6792,70,1
TR6792,72,4
TR6796,2,2
TR6796,10,1
TR6796,18,4
TR6796,57,5
TR6796,59,4
TR6801,10,3
TR6801,17,1
TR6801,54,3
TR6801,70,
TR6801,73,3
TR6818,11,3
TR6818,24,3
TR6818,35,1
TR6818,52,3
TR6825,1,1
TR6825,14,2
TR6825,69,5
TR6838,15,2
TR6838,21,1
TR6838,29,
TR6847,30,4
TR6847,59,2
TR6847,60,4
TR6847,64,5
TR6847,97,1
TR6856,28,2
TR6856,51,2
TR6856,74,3
TR6856,99,1
TR6866,9,5
TR6866,20,4
TR6866,57,4
TR6866,100,3
TR6903,26,1
TR6903,32,3
TR6903,61,5
TR6903,81,2
TR6911,7,2
TR6911,19,4
TR6911,35,2
TR6911,38,5
TR6911,48,2
TR6913,38,2
TR6913,45,4
TR6913,61,4
TR6913,68,1
TR6924,1,5
TR6924,4,5
TR6924,49,
TR6924,74,5
TR6924,96,3
TR6938,28,3
TR6938,42,5
TR6938,54,3
TR6938,99,4
TR6942,2,2
TR6942,5,5
TR6942,14,3
TR6942,72,3
TR6959,5,5
TR6959,13,1
TR6959,20,4
TR6959,29,3
TR6959,36,2
TR6959,40,4
TR6967,10,5
TR6967,23,1
TR6967,74,5
TR6967,92,5
TR6979,10,3
TR6979,26,1
TR6979,36,3
TR6979,47,3
TR6979,67,2
TR6992,4,1
TR6992,12,2
TR6992,61,3
TR6992,67,1
TR6992,69,3
TR6994,33,3
TR6994,44,2
TR6994,63,4
TR6994,81,3
TR7002,3,2
TR7002,49,5
TR7002,51,4
TR7002,83,4
TR7002,84,5
TR7009,15,4
TR7009,20,5
TR7009,41,4
TR7009,70,3
TR7011,15,5
TR7011,38,2
TR7011,62,2
TR7011,75,1
TR7011,86,3
TR7011,87,5
TR7012,14,4
TR7012,23,4
TR7012,42,5
TR7012,77,1
TR7012,91,1
TR7012,96,3
TR7013,1,2
TR7013,9,5
TR7013,40,1
TR7013,68,2
TR7013,85,4
TR7018,11,3
TR7018,40,3
TR7018,50,1
TR7018,68,4
TR7018,85,5
TR7028,14,4
TR7028,25,4
TR7028,37,
TR7031,18,1
TR7031,31,4
TR7031,39,4
TR7031,55,2
TR7031,74,5
TR7049,2,3
TR7049,3,2
TR7049,20,4
TR7049,59,3
TR7049,98,1
TR7051,15,2
TR7051,17,4
TR7051,18,1
TR7051,23,5
TR7051,90,5
TR7055,34,5
TR7055,43,2
TR7055,44,5
TR7055,60,4
TR7061,42,2
TR7061,57,2
TR7061,74,5
TR7061,100,4
TR7078,27,5
TR7078,47,4
TR7078,58,2
TR7078,73,5
TR7078,78,1
TR7081,6,2
TR7081,44,3
TR7081,52,3
TR7081,86,1
TR7081,94,3
TR7082,45,3
TR7082,67,5
TR7082,75,2
TR7082,81,3
TR7101,36,2
TR7101,37,1
TR7101,45,1
TR7101,58,1
TR7101,86,1
TR7113,19,2
TR7113,28,5
TR7113,30,1
TR7113,48,4
TR7113,63,5
TR7118,15,4
TR7118,29,5
TR7118,30,2
TR7118,36,1
TR7118,77,3
TR7118,94,2
TR7137,77,4
TR7137,85,5
TR7137,87,1
TR7137,95,2
TR7138,41,2
TR7138,42,5
TR7138,82,2
TR7138,92,4
TR7140,6,3
TR7140,7,2
TR7140,42,1
TR7140,78,5
TR7140,84,5
TR7144,31,3
TR7144,37,2
TR7144,63,5
TR7144,96,1
TR7145,2,2
TR7145,3,4
TR7145,21,1
TR7145,75,2
TR7145,83,2
TR7155,49,1
TR7155,71,1
TR7155,76,2
TR7155,84,1
TR7165,2,1
TR7165,11,4
TR7165,90,1
TR7165,,1
TR7179,13,
TR7179,26,5
TR7179,37,5
TR7179,54,5
TR7180,32,2
TR7180,37,4
TR7180,66,1
TR7180,82,1
TR7180,84,5
TR7182,4,1
TR7182,19,2
TR7182,26,1
TR7182,29,1
TR7182,58,1
TR7197,7,5
TR7197,13,2
TR7197,46,4
TR7197,53,2
TR7197,86,3
TR7200,7,5
TR7200,27,5
TR7200,29,5
TR7200,57,1
TR7200,81,3
TR7200,87,5
TR7214,28,3
TR7214,47,4
TR7214,50,3
TR7214,83,2
TR7214,99,3
TR7221,19,3
TR7221,44,5
TR7221,48,4
TR7221,60,5
TR7221,65,4
TR7228,5,2
TR7228,40,1
TR7228,49,3
TR7228,72,1
TR7256,4,4
TR7256,17,2
TR7256,23,4
TR7256,43,4
TR7256,55,4
TR7256,61,1
TR7277,41,5
TR7277,50,5
TR7277,57,4
TR7277,76,4
TR7281,38,1
TR7281,55,3
TR7281,70,3
TR7281,73,2
TR7302,2,3
TR7302,4,4
TR7302,21,1
TR7302,24,3
TR7302,46,3
TR7312,1,2
TR7312,79,4
TR7312,84,5
TR7312,86,1
TR7312,98,1
TR7314,8,2
TR7314,70,3
TR7314,80,4
TR7314,82,4
TR7321,25,3
TR7321,37,4
TR7321,40,1
TR7321,98,2
TR7321,100,3
TR7323,24,2
TR7323,44,2
TR7323,51,1
TR7323,64,5
TR7323,83,2
TR7331,29,3
TR7331,54,4
TR7331,65,1
TR7331,82,2
TR7331,100,4
TR7333,9,1
TR7333,15,3
TR7333,29,1
TR7333,69,2
TR7333,95,4
TR7337,1,2
TR7337,8,2
TR7337,13,5
TR7337,55,1
TR7337,57,5
TR7337,71,2
TR7341,8,3
TR7341,28,3
TR7341,36,3
TR7341,78,1
TR7341,96,4
TR7341,97,5
TR7346,13,1
TR7346,29,4
TR7346,31,1
TR7346,46,3
TR7346,58,1
TR7347,20,5
TR7347,38,5
TR7347,79,2
TR7347,80,4
TR7361,3,5
TR7361,33,4
TR7361,43,2
TR7361,54,2
TR7361,69,4
TR7372,22,1
TR7372,35,5
TR7372,54,1
TR7372,75,1
TR7372,83,1
TR7374,26,2
TR7374,45,3
TR7374,70,1
TR7374,92,2
TR7455,23,2
TR7455,48,5
TR7455,76,3
TR7455,81,3
TR7484,15,3
TR7484,21,
TR7484,26,3
TR7484,100,2
TR7525,10,2
TR7525,33,2
TR7525,65,
TR7529,3,4
TR7529,82,4
TR7529,94,2
TR7531,24,5
TR7531,53,1
TR7531,59,2
TR7531,69,5
TR7531,96,2
TR7539,38,2
TR7539,51,2
TR7539,63,5
TR7539,98,3
TR7539,,4
TR7540,4,5
TR7540,38,1
TR7540,63,1
TR7540,78,4
TR7611,43,3
TR7611,46,1
TR7611,64,4
TR7611,75,5
TR7611,87,4
TR7614,19,5
TR7614,34,2
TR7614,70,1
TR7614,79,3
TR7625,24,3
TR7625,33,5
TR7625,85,2
TR7625,93,5
TR7626,2,2
TR7626,3,1
TR7626,38,4
TR7626,78,4
TR7637,13,5
TR7637,33,4
TR7637,41,1
TR7637,99,2
TR7642,25,2
TR7642,31,3
TR7642,39,2
TR7642,51,2
TR7642,63,4
TR7642,92,1
TR7644,8,1
TR7644,83,4
TR7644,100,
TR7645,11,3
TR7645,42,3
TR7645,45,4
TR7645,59,3
TR7645,66,3
TR7645,95,2
TR7654,15,5
TR7654,63,2
TR7654,68,3
TR7654,79,5
TR7654,84,3
TR7665,13,3
TR7665,20,5
TR7665,21,3
TR7665,48,1
TR7665,52,1
TR7666,32,5
TR7666,51,4
TR7666,89,3
TR7666,91,2
TR7682,19,2
TR7682,25,4
TR7682,76,4
TR7682,77,2
TR7682,97,4
TR7706,4,1
TR7706,6,1
TR7706,8,4
TR7706,18,2
TR7706,28,3
TR7718,38,1
TR7718,55,5
TR7718,80,3
TR7718,81,3
TR7718,96,1
TR7725,45,5
TR7725,49,4
TR7725,53,3
TR7725,56,1
TR7725,71,5
TR7728,5,3
TR7728,22,5
TR7728,48,4
TR7728,84,5
TR7738,14,5
TR7738,39,4
TR7738,43,2
TR7738,65,1
TR7738,99,5
TR7768,1,4
TR7768,35,5
TR7768,69,4
TR7768,81,3
TR7768,,2
TR7779,20,2
TR7779,33,2
TR7779,41,5
TR7779,45,2
TR7779,70,3
TR7814,2,2
TR7814,50,5
TR7814,60,4
TR7814,80,4
TR7814,96,2
TR7819,7,4
TR7819,17,5
TR7819,18,4
TR7819,19,5
TR7819,45,1
TR7819,47,5
TR7820,31,5
TR7820,44,2
TR7820,61,2
TR7820,68,1
TR7820,97,2
TR7849,13,1
TR7849,38,2
TR7849,85,4
TR7849,87,2
TR7849,98,1
TR7862,50,4
TR7862,53,5
TR7862,67,3
TR7862,79,1
TR7862,88,5
TR7869,23,1
TR7869,32,5
TR7869,35,2
TR7869,46,5
TR7869,77,
TR7869,85,5
TR7870,13,3
TR7870,27,3
TR7870,41,1
TR7870,98,2
TR7879,7,4
TR7879,28,4
TR7879,36,3
TR7879,52,1
TR7880,13,3
TR7880,21,2
TR7880,41,4
TR7880,77,1
TR7880,83,3
TR7880,98,4
TR7885,3,2
TR7885,25,2
TR7885,34,5
TR7885,77,2
TR7885,95,2
TR7888,6,1
TR7888,22,1
TR7888,54,4
TR7888,66,1
TR7888,69,3
TR7903,13,5
TR7903,38,2
TR7903,56,2
TR7903,79,3
TR7917,4,5
TR7917,8,2
TR7917,28,1
TR7917,63,4
TR7917,84,1
TR7917,96,4
TR7922,31,3
TR7922,47,5
TR7922,48,5
TR7922,86,5
TR7922,87,2
TR7930,33,4
TR7930,40,3
TR7930,67,5
TR7930,71,1
TR7936,26,5
TR7936,45,5
TR7936,84,5
TR7936,100,1
TR7936,,1
TR7939,4,1
TR7939,5,3
TR7939,6,3
TR7939,18,5
TR7939,76,2
TR7972,28,4
TR7972,43,2
TR7972,69,3
TR7972,78,4
TR7975,5,2
TR7975,13,1
TR7975,26,1
TR7975,69,4
TR7975,74,4
TR7978,56,4
TR7978,59,3
TR7978,62,2
TR7978,65,3
TR7978,71,4
TR7978,79,1
TR7980,60,3
TR7980,67,3
TR7980,82,4
TR7980,83,2
TR7983,5,4
TR7983,24,4
TR7983,34,5
TR7983,47,3
TR7983,100,1
TR7992,59,4
TR7992,66,3
TR7992,67,3
TR8001,40,5
TR8001,69,3
TR8001,75,4
TR8001,97,5
TR8001,98,4
TR8002,1,1
TR8002,64,2
TR8002,71,2
TR8002,82,3
TR8004,2,4
TR8004,7,1
TR8004,23,2
TR8004,46,4
TR8004,,2
TR8017,25,3
TR8017,47,5
TR8017,81,5
TR8017,100,4
TR8020,20,1
TR8020,23,5
TR8020,44,5
TR8020,54,4
TR8020,99,1
TR8045,18,1
TR8045,34,5
TR8045,56,4
TR8068,28,1
TR8068,32,2
TR8068,45,1
TR8068,50,2
TR8070,10,1
TR8070,40,1
TR8070,56,1
TR8070,60,5
TR8072,2,
TR8072,7,4
TR8072,9,4
TR8072,46,1
TR8072,48,3
TR8090,74,2
TR8090,76,1
TR8090,78,1
TR8090,92,3
TR8090,,2
TR8096,8,4
TR8096,22,4
TR8096,26,3
TR8096,80,3
TR8096,100,2
TR8100,1,3
TR8100,9,3
TR8100,26,1
TR8100,38,1
TR8100,56,1
TR8110,10,5
TR8110,29,2
TR8110,81,1
TR8110,90,1
TR8110,96,4
TR8133,8,2
TR8133,46,2
TR8133,51,1
TR8133,60,4
TR8133,64,3
TR8163,9,1
TR8163,10,4
TR8163,16,4
TR8163,27,1
TR8171,67,5
TR8171,81,2
TR8171,83,1
TR8171,89,1
TR8174,35,1
TR8174,49,2
TR8174,90,3
TR8174,91,4
TR8184,39,3
TR8184,44,3
TR8184,59,5
TR8184,87,5
TR8184,95,3
TR8186,65,1
TR8186,72,5
TR8186,83,3
TR8186,94,2
TR8191,41,5
TR8191,46,2
TR8191,47,3
TR8191,56,5
TR8191,83,3
TR8201,33,5
TR8201,84,3
TR8201,90,2
TR8201,97,3
TR8208,66,1
TR8208,82,2
TR8208,83,4
TR8208,96,2
TR8225,45,1
TR8225,58,1
TR8225,62,5
TR8225,83,2
TR8230,10,4
TR8230,17,2
TR8230,18,5
TR8230,37,3
TR8230,42,5
TR8230,47,4
TR8240,32,4
TR8240,92,5
TR8240,95,1
TR8240,100,1
TR8250,1,4
TR8250,14,1
TR8250,72,5
TR8250,100,
TR8256,40,5
TR8256,47,5
TR8256,51,2
TR8256,93,1
TR8257,30,2
TR8257,65,1
TR8257,91,4
TR8257,95,1
TR8257,,2
TR8261,16,5
TR8261,27,1
TR8261,51,4
TR8261,81,4
TR8261,86,3
TR8263,18,4
TR8263,19,2
TR8263,75,
TR8263,83,3
TR8263,90,2
TR8272,21,1
TR8272,39,1
TR8272,52,4
TR8272,67,5
TR8272,90,1
TR8276,65,5
TR8276,91,4
TR8276,96,5
TR8281,57,1
TR8281,72,5
TR8281,80,3
TR8281,82,1
TR8283,20,5
TR8283,25,4
TR8283,36,3
TR8283,42,2
TR8284,1,2
TR8284,52,3
TR8284,62,5
TR8284,63,1
TR8284,77,1
TR8318,11,5
TR8318,13,5
TR8318,38,3
TR8318,48,2
TR8318,52,1
TR8323,16,2
TR8323,55,1
TR8323,76,2
TR8323,82,4
TR8323,99,4
TR8334,27,3
TR8334,30,1
TR8334,44,2
TR8334,56,3
TR8334,88,5
TR8346,51,3
TR8346,59,5
TR8346,73,5
TR8346,98,5
TR8346,100,5
TR8348,1,5
TR8348,4,3
TR8348,5,2
TR8348,9,
TR8351,2,2
TR8351,29,4
TR8351,37,1
TR8351,59,4
TR8356,8,2
TR8356,48,1
TR8356,62,2
TR8356,84,2
TR8364,8,3
TR8364,45,1
TR8364,69,2
TR8364,75,
TR8364,94,1
TR8370,31,1
TR8370,63,4
TR8370,69,5
TR8370,85,3
TR8388,20,3
TR8388,76,3
TR8388,79,5
TR8388,84,2
TR8388,92,4
TR8388,93,4
TR8390,16,5
TR8390,24,2
TR8390,64,4
TR8390,76,5
TR8390,86,5
TR8406,33,1
TR8406,53,5
TR8406,57,3
TR8406,89,5
TR8406,97,1
TR8417,12,5
TR8417,23,4
TR8417,28,5
TR8417,47,3
TR8417,63,5
TR8419,42,3
TR8419,43,3
TR8419,84,5
TR8419,99,3
TR8433,47,2
TR8433,80,5
TR8433,94,1
TR8433,96,4
TR8439,7,2
TR8439,61,1
TR8439,68,1
TR8439,79,1
TR8439,97,4
TR8442,27,5
TR8442,70,2
TR8442,76,5
TR8445,17,1
TR8445,49,2
TR8445,69,1
TR8445,72,1
TR8445,91,3
TR8449,17,4
TR8449,40,3
TR8449,47,2
TR8462,16,3
TR8462,41,4
TR8462,59,3
TR8462,68,2
TR8462,69,5
TR8467,40,2
TR8467,49,3
TR8467,65,5
TR8467,70,1
TR8467,83,3
TR8472,11,4
TR8472,41,4
TR8472,65,4
TR8472,72,4
TR8494,2,3
TR8494,30,2
TR8494,44,3
TR8494,72,2
TR8494,84,2
TR8496,3,1
TR8496,13,2
TR8496,22,5
TR8496,62,4
TR8505,30,2
TR8505,46,5
TR8505,88,2
TR8505,100,1
TR8507,34,2
TR8507,39,5
TR8507,69,4
TR8507,83,5
TR8507,99,1
TR8518,9,1
TR8518,20,1
TR8518,27,4
TR8518,35,2
TR8518,79,5
TR8522,23,5
TR8522,64,4
TR8522,73,5
TR8522,87,
TR8522,96,5
TR8527,43,3
TR8527,55,2
TR8527,83,4
TR8527,92,4
TR8527,93,4
TR8535,9,4
TR8535,27,2
TR8535,50,4
TR8535,70,
TR8535,98,3
TR8540,17,2
TR8540,21,1
TR8540,38,2
TR8540,55,4
TR8540,86,4
TR8562,14,4
TR8562,55,3
TR8562,64,1
TR8562,89,5
TR8563,1,4
TR8563,20,5
TR8563,31,
TR8563,86,1
TR8563,,2
TR8570,2,5
TR8570,41,3
TR8570,80,3
TR8570,85,5
TR8579,9,1
TR8579,13,1
TR8579,17,3
TR8579,63,2
TR8579,70,4
TR8587,20,2
TR8587,28,2
TR8587,46,3
TR8587,53,2
TR8623,16,1
TR8623,49,4
TR8623,87,1
TR8623,100,3
TR8623,,5
TR8626,2,4
TR8626,38,4
TR8626,65,3
TR8626,87,1
TR8627,11,3
TR8627,24,1
TR8627,27,
TR8627,37,5
TR8627,86,2
TR8640,40,2
TR8640,42,4
TR8640,58,4
TR8640,94,3
TR8644,7,5
TR8644,15,2
TR8644,22,5
TR8644,43,5
TR8644,44,4
TR8650,10,3
TR8650,26,1
TR8650,48,1
TR8650,56,3
TR8650,98,3
TR8657,22,5
TR8657,53,4
TR8657,58,1
TR8657,72,4
TR8657,92,4
TR8661,31,4
TR8661,39,1
TR8661,84,5
TR8661,86,2
TR8666,26,1
TR8666,51,1
TR8666,89,5
TR8666,91,1
TR8677,1,1
TR8677,16,2
TR8677,31,4
TR8677,84,5
TR8677,91,3
TR8687,37,5
TR8687,38,4
TR8687,39,1
TR8687,46,1
TR8697,8,4
TR8697,42,4
TR8697,81,3
TR8697,83,1
TR8705,13,1
TR8705,27,4
TR8705,84,5
TR8705,89,2
TR8705,94,5
TR8712,37,1
TR8712,65,2
TR8712,73,4
TR8712,77,2
TR8712,83,5
TR8717,22,4
TR8717,32,3
TR8717,67,2
TR8717,79,3
TR8717,92,1
TR8719,23,
TR8719,27,2
TR8719,28,5
TR8719,69,4
TR8719,87,4
TR8726,26,5
TR8726,37,4
TR8726,77,5
TR8726,86,5
TR8726,92,5
TR8735,15,1
TR8735,37,2
TR8735,54,2
TR8735,76,1
TR8735,82,4
TR8736,1,2
TR8736,6,2
TR8736,39,2
TR8736,51,
TR8736,69,3
TR8739,3,4
TR8739,20,1
TR8739,99,5
TR8753,21,3
TR8753,23,5
TR8753,48,3
TR8753,68,2
TR8753,89,3
TR8763,5,3
TR8763,61,2
TR8763,87,2
TR8763,88,3
TR8772,33,2
TR8772,35,5
TR8772,50,2
TR8772,85,2
TR8772,100,4
TR8775,25,2
TR8775,45,1
TR8775,93,1
TR8775,97,1
TR8786,24,1
TR8786,30,1
TR8786,55,4
TR8786,56,4
TR8786,72,2
TR8804,20,2
TR8804,26,3
TR8804,35,5
TR8804,64,2
TR8819,39,1
TR8819,50,3
TR8819,73,5
TR8819,75,2
TR8827,17,5
TR8827,35,4
TR8827,45,1
TR8827,48,4
TR8827,77,3
TR8828,19,2
TR8828,34,3
TR8828,37,3
TR8828,77,2
TR8828,86,2
TR8853,25,4
TR8853,30,5
TR8853,81,3
TR8853,88,4
TR8858,3,2
TR8858,16,4
TR8858,24,4
TR8858,91,2
TR8858,99,4
TR8865,14,2
TR8865,38,2
TR8865,47,4
TR8865,64,3
TR8865,89,4
TR8882,11,3
TR8882,22,1
TR8882,24,2
TR8882,37,3
TR8882,60,5
TR8882,67,4
TR8890,32,5
TR8890,37,3
TR8890,97,4
TR8891,2,1
TR8891,20,2
TR8891,69,3
TR8891,75,2
TR8891,80,3
TR8897,24,
TR8897,29,4
TR8897,43,5
TR8897,55,2
TR8897,66,5
TR8898,34,5
TR8898,47,1
TR8898,49,5
TR8898,95,4
TR8899,16,2
TR8899,26,2
TR8899,27,
TR8899,41,1
TR8899,54,5
TR8920,5,4
TR8920,31,2
TR8920,47,5
TR8920,80,2
TR8924,3,1
TR8924,20,5
TR8924,49,3
TR8924,77,4
TR8935,2,3
TR8935,4,4
TR8935,40,2
TR8935,99,4
TR8952,15,5
TR8952,39,5
TR8952,68,2
TR8952,75,3
TR8952,76,4
TR8955,40,1
TR8955,54,4
TR8955,80,1
TR8955,97,2
TR8983,8,2
TR8983,10,3
TR8983,41,3
TR8983,65,3
TR8983,66,4
TR8994,32,1
TR8994,42,1
TR8994,83,4
TR8994,98,2
TR9002,15,2
TR9002,61,3
TR9002,82,2
TR9002,96,1
TR9010,41,1
TR9010,48,1
TR9010,81,2
TR9010,96,4
TR9010,98,4
TR9026,11,1
TR9026,25,1
TR9026,75,2
TR9026,85,4
TR9026,93,1
TR9040,66,4
TR9040,73,3
TR9040,75,2
TR9040,90,5
TR9040,96,5
TR9046,6,3
TR9046,24,2
TR9046,44,2
TR9046,68,3
TR9046,73,4
TR9064,61,2
TR9064,66,1
TR9064,84,3
TR9064,93,4
TR9065,4,4
TR9065,27,1
TR9065,53,1
TR9065,55,2
TR9065,62,3
TR9066,27,5
TR9066,44,2
TR9066,65,3
TR9066,80,3
TR9067,8,4
TR9067,19,5
TR9067,32,5
TR9067,41,3
TR9067,45,4
TR9072,17,5
TR9072,43,4
TR9072,52,3
TR9081,28,3
TR9081,40,5
TR9081,47,3
TR9081,79,5
TR9098,5,4
TR9098,33,3
TR9098,37,5
TR9098,55,3
TR9098,74,3
TR9101,17,1
TR9101,24,1
TR9101,44,2
TR9101,90,5
TR9107,6,5
TR9107,49,3
TR9107,61,5
TR9107,70,4
TR9107,92,4
TR9112,21,4
TR9112,24,1
TR9112,49,
TR9112,97,2
TR9120,6,3
TR9120,20,4
TR9120,71,5
TR9120,88,3
TR9135,6,4
TR9135,8,5
TR9135,30,4
TR9135,40,2
TR9135,46,5
TR9138,1,5
TR9138,2,3
TR9138,35,5
TR9138,56,3
TR9138,95,1
TR9144,44,1
TR9144,64,5
TR9144,68,4
TR9144,92,5
TR9144,95,3
TR9147,30,4
TR9147,39,4
TR9147,52,4
TR9147,60,4
TR9147,62,1
TR9148,39,5
TR9148,51,3
TR9148,53,1
TR9148,72,3
TR9148,96,5
TR9153,1,4
TR9153,6,1
TR9153,11,4
TR9153,73,3
TR9174,14,5
TR9174,32,4
TR9174,38,1
TR9174,56,5
TR9174,73,5
TR9188,15,4
TR9188,83,2
TR9188,88,5
TR9188,96,
TR9188,98,1
TR9215,57,2
TR9215,63,4
TR9215,77,3
TR9215,80,3
TR9216,3,5
TR9216,51,3
TR9216,85,1
TR9216,100,2
TR9226,31,5
TR9226,41,2
TR9226,75,4
TR9240,9,5
TR9240,11,3
TR9240,51,3
TR9240,85,5
TR9248,15,2
TR9248,23,5
TR9248,46,4
TR9248,89,4
TR9265,11,4
TR9265,56,3
TR9265,57,1
TR9265,59,2
TR9277,10,1
TR9277,30,1
TR9277,78,3
TR9277,89,3
TR9281,3,5
TR9281,34,4
TR9281,67,2
TR9281,74,5
TR9281,77,2
TR9350,9,4
TR9350,21,3
TR9350,66,3
TR9350,79,5
TR9350,,4
TR9352,13,3
TR9352,16,1
TR9352,29,1
TR9352,36,4
TR9352,58,4
TR9382,10,
TR9382,50,1
TR9382,61,5
TR9403,3,1
TR9403,7,5
TR9403,24,4
TR9403,70,1
TR9403,99,3
TR9412,55,1
TR9412,97,5
TR9412,99,5
TR9412,,5
TR9427,29,4
TR9427,31,2
TR9427,33,2
TR9427,67,5
TR9427,76,3
TR9439,12,5
TR9439,57,4
TR9439,59,1
TR9439,61,2
TR9439,93,3
TR9440,43,2
TR9440,45,4
TR9440,63,4
TR9440,77,3
TR9440,97,3
TR9449,27,2
TR9449,33,3
TR9449,50,3
TR9449,51,5
TR9449,93,4
TR9450,18,4
TR9450,35,4
TR9450,67,1
TR9450,78,3
TR9462,7,1
TR9462,22,1
TR9462,38,2
TR9462,59,5
TR9462,68,4
TR9495,66,2
TR9495,90,
TR9495,93,2
TR9495,99,4
TR9501,7,3
TR9501,60,3
TR9501,84,4
TR9501,88,4
TR9504,49,4
TR9504,57,1
TR9504,78,1
TR9504,81,5
TR9509,15,1
TR9509,21,5
TR9509,44,5
TR9509,57,2
TR9509,85,3
TR9513,16,4
TR9513,36,3
TR9513,78,2
TR9513,90,5
TR9515,22,3
TR9515,33,5
TR9515,72,4
TR9515,99,5
TR9518,20,1
TR9518,27,2
TR9518,79,1
TR9518,80,5
TR9518,94,1
TR9519,34,4
TR9519,59,2
TR9519,64,2
TR9519,76,4
TR9525,20,1
TR9525,24,1
TR9525,36,1
TR9525,52,2
TR9525,58,1
TR9532,10,4
TR9532,27,3
TR9532,41,5
TR9532,77,2
TR9585,24,4
TR9585,30,2
TR9585,32,3
TR9585,44,3
TR9585,62,4
TR9589,4,1
TR9589,17,1
TR9589,19,5
TR9589,81,5
TR9606,40,1
TR9606,59,4
TR9606,80,3
TR9606,100,2
TR9613,22,3
TR9613,43,2
TR9613,62,4
TR9613,75,3
TR9613,93,1
TR9617,4,2
TR9617,23,2
TR9617,35,5
TR9617,64,2
TR9631,31,
TR9631,58,3
TR9631,65,2
TR9639,10,1
TR9639,36,2
TR9639,39,3
TR9639,97,3
TR9639,100,1
TR9641,30,3
TR9641,68,5
TR9641,75,3
TR9641,76,3
TR9641,97,4
TR9656,12,4
TR9656,42,4
TR9656,70,3
TR9656,91,4
TR9677,8,2
TR9677,32,2
TR9677,54,3
TR9677,81,4
TR9680,9,2
TR9680,28,3
TR9680,31,3
TR9680,38,2
TR9693,21,5
TR9693,53,5
TR9693,96,4
TR9699,22,2
TR9699,66,3
TR9699,84,3
TR9705,5,2
TR9705,34,2
TR9705,50,1
TR9705,76,3
TR9705,100,4
TR9720,5,5
TR9720,26,1
TR9720,28,1
TR9720,71,1
TR9720,75,1
TR9722,5,5
TR9722,74,1
TR9722,100,3
TR9743,11,2
TR9743,15,5
TR9743,16,3
TR9743,20,3
TR9743,55,4
TR9750,41,2
TR9750,52,4
TR9750,60,3
TR9750,71,1
TR9750,94,5
TR9758,10,3
TR9758,36,1
TR9758,37,2
TR9758,74,4
TR9758,87,1
TR9763,13,1
TR9763,34,1
TR9763,74,1
TR9766,29,2
TR9766,34,2
TR9766,58,5
TR9766,99,3
TR9768,3,1
TR9768,28,3
TR9768,51,2
TR9768,76,4
TR9770,21,5
TR9770,51,5
TR9770,64,5
TR9770,85,2
TR9785,4,5
TR9785,13,2
TR9785,59,2
TR9785,83,3
TR9785,92,2
TR9800,50,5
TR9800,83,1
TR9800,84,2
TR9800,93,2
TR9820,5,1
TR9820,10,1
TR9820,20,4
TR9820,62,2
TR9824,19,1
TR9824,54,1
TR9824,77,4
TR9824,79,1
TR9833,17,4
TR9833,27,5
TR9833,49,2
TR9833,54,3
TR9833,87,5
TR9835,31,4
TR9835,51,2
TR9835,96,2
TR9838,6,3
TR9838,18,3
TR9838,24,5
TR9838,44,2
TR9839,21,5
TR9839,32,4
TR9839,35,4
TR9839,51,4
TR9872,29,3
TR9872,76,3
TR9872,79,3
TR9872,92,2
TR9872,95,3
TR9893,33,5
TR9893,58,5
TR9893,61,1
TR9893,92,5
TR9893,95,4
TR9907,14,2
TR9907,35,1
TR9907,50,4
TR9907,68,3
TR9907,92,2
TR9909,9,2
TR9909,42,5
TR9909,94,5
TR9909,98,4
TR9955,5,1
TR9955,19,4
TR9955,24,2
TR9955,25,3
TR9961,4,2
TR9961,12,4
TR9961,48,5
TR9961,77,1
TR9961,78,5
TR9967,14,5
TR9967,16,1
TR9967,17,3
TR9967,32,5
TR9983,28,1
TR9983,65,4
TR9983,90,5
TR9983,92,5
,1,5
,3,2
,6,1
,11,
,13,5
,14,2
,15,3
,19,4
,21,3
,22,4
,23,5
,25,1
,26,5
,27,1
,28,1
,33,4
,34,1
,35,4
,38,2
,40,5
,41,5
,44,4
,48,5
,50,4
,51,2
,53,2
,56,
,61,
,62,5
,63,2
,69,1
,71,2
,72,3
,78,4
,79,5
,80,1
,81,2
,82,2
,84,3
,87,4
,88,5
,89,2
,93,4
,94,5
,95,1
,98,1
,99,5
,100,5
